"id","player","position","team","age","year_of_birth","matches_played","starts","minutes_played","_90_minutes_played","goals","assists","non_penalty_goals","penalties_converted","penalties_taken","yellow_cards","red_cards","goals_per_90_minutes","assists_per_90_minutes","goals_and_assists_per_90_minutes","goals_excluding_penalties_per_90_minutes","goals_and_assists_excluding_penalties_per_90_minutes","xg","xag","non_penalty_xg"
1,Brenden Aaronson,MF,USA,21,2000,4,0,108,1.2,0,0,0,0,0,0,0,0,0,0,0,0,0.06,0.18,0.06
2,Ali Abdi,DF,Tunisia,28,1993,3,2,188,2.1,0,0,0,0,0,1,0,0,0,0,0,0,0,0.02,0
3,Salis Abdul Samed,MF,Ghana,22,2000,3,3,250,2.8,0,0,0,0,0,0,0,0,0,0,0,0,0.01,0.01,0.01
4,Saud Abdulhamid,DF,Saudi Arabia,22,1999,3,3,270,3,0,0,0,0,0,1,0,0,0,0,0,0,0.01,0.02,0.01
5,Nawaf Al Abed,MF,Saudi Arabia,32,1990,2,0,88,1,0,0,0,0,0,1,0,0,0,0,0,0,0.13,0.06,0.13
6,Pape Abou Cissé,DF,Senegal,26,1995,3,1,105,1.2,0,0,0,0,0,0,0,0,0,0,0,0,0,0,0
7,Vincent Aboubakar,FW,Cameroon,30,1992,3,1,142,1.6,2,1,2,0,0,2,1,1.27,0.63,1.9,1.27,1.9,0.37,0.39,0.37
8,Abdulrahman Al-Aboud,MF,Saudi Arabia,27,1995,2,0,35,0.4,0,0,0,0,0,0,0,0,0,0,0,0,0.18,0.06,0.18
9,Zakaria Aboukhlal,MF,Morocco,22,2000,4,0,79,0.9,1,0,1,0,0,0,0,1.14,0,1.14,1.14,1.14,1.16,0,1.16
10,Kellyn Acosta,MF,USA,26,1995,2,0,43,0.5,0,0,0,0,0,1,0,0,0,0,0,0,0,0,0
11,Marcos Acuńa,DF,Argentina,30,1991,6,4,373,4.1,0,0,0,0,0,3,0,0,0,0,0,0,0.02,0.07,0.02
12,Tyler Adams,MF,USA,23,1999,4,4,360,4,0,0,0,0,0,1,0,0,0,0,0,0,0.01,0.11,0.01
13,Sam Adekugbe,DF,Canada,27,1995,3,1,95,1.1,0,0,0,0,0,1,0,0,0,0,0,0,0,0.09,0
14,Michel Aebischer,MF,Switzerland,25,1997,1,0,16,0.2,0,0,0,0,0,0,0,0,0,0,0,0,0,0,0
15,Akram Afif,FW,Qatar,25,1996,3,3,270,3,0,0,0,0,0,1,0,0,0,0,0,0,0.02,0.1,0.02
16,Nayef Aguerd,DF,Morocco,26,1996,4,4,353,3.9,0,0,0,0,0,0,0,0,0,0,0,0,0.04,0.01,0.04
17,Brandon Aguilera,MF,Costa Rica,18,2003,3,1,90,1,0,0,0,0,0,0,0,0,0,0,0,0,0,0,0
18,Homam Ahmed,DF,Qatar,22,1999,3,3,262,2.9,0,0,0,0,0,1,0,0,0,0,0,0,0,0.01,0
19,Manuel Akanji,DF,Switzerland,26,1995,4,4,360,4,1,0,1,0,0,1,0,0.25,0,0.25,0.25,0.25,0.28,0.03,0.28
20,Nathan Aké,DF,Netherlands,27,1995,5,5,479,5.3,0,0,0,0,0,1,0,0,0,0,0,0,0,0,0
21,Ahmed Alaaeldin,FW,Qatar,29,1993,1,0,6,0.1,0,0,0,0,0,0,0,0,0,0,0,0,0,0,0
22,Jordi Alba,DF,Spain,33,1989,4,3,264,2.9,0,2,0,0,0,0,0,0,0.68,0.68,0,0.68,0.01,0.31,0.01
23,Toby Alderweireld,DF,Belgium,33,1989,3,3,270,3,0,1,0,0,0,0,0,0,0.33,0.33,0,0.33,0,0.11,0
24,Trent Alexander-Arnold,DF,England,23,1998,1,0,34,0.4,0,0,0,0,0,0,0,0,0,0,0,0,0,0,0
25,Almoez Ali,FW,Qatar,25,1996,3,3,224,2.5,0,0,0,0,0,1,0,0,0,0,0,0,0.15,0,0.15
26,Alisson,GK,Brazil,29,1992,4,4,379,4.2,0,0,0,0,0,0,0,0,0,0,0,0,0,0,0
27,Joe Allen,MF,Wales,32,1990,2,1,94,1,0,0,0,0,0,0,0,0,0,0,0,0,0.1,0.05,0.1
28,Thiago Almada,MF,Argentina,21,2001,1,0,7,0.1,0,0,0,0,0,0,0,0,0,0,0,0,0,3.16,0
29,Roberto Alvarado,FW,Mexico,23,1998,1,0,18,0.2,0,0,0,0,0,1,0,0,0,0,0,0,0,0,0
30,Edson Álvarez,MF,Mexico,24,1997,2,2,175,1.9,0,0,0,0,0,1,0,0,0,0,0,0,0.01,0.11,0.01
31,Julián Álvarez,FW,Argentina,22,2000,7,5,464,5.2,4,0,4,0,0,0,0,0.78,0,0.78,0.78,0.78,0.51,0.02,0.51
32,Kevin Álvarez,DF,Mexico,23,1999,2,1,70,0.8,0,0,0,0,0,0,0,0,0,0,0,0,0,0,0
33,Dani Alves,DF,Brazil,39,1983,2,1,118,1.3,0,0,0,0,0,0,0,0,0,0,0,0,0.14,0,0.14
34,Selim Amallah,MF,Morocco,25,1996,7,4,409,4.5,0,0,0,0,0,1,0,0,0,0,0,0,0.05,0.02,0.05
35,Daniel Amartey,DF,Ghana,27,1994,3,3,251,2.8,0,0,0,0,0,2,0,0,0,0,0,0,0.08,0.03,0.08
36,Ethan Ampadu,DF,Wales,21,2000,3,3,255,2.8,0,0,0,0,0,0,0,0,0,0,0,0,0.01,0.04,0.01
37,Sofyan Amrabat,MF,Morocco,25,1996,7,7,660,7.3,0,0,0,0,0,1,0,0,0,0,0,0,0,0.01,0
38,Abdulelah Al-Amri,DF,Saudi Arabia,25,1997,3,2,182,2,0,0,0,0,0,2,0,0,0,0,0,0,0.03,0,0.03
39,Joachim Andersen,DF,Denmark,26,1996,3,3,270,3,0,1,0,0,0,0,0,0,0.33,0.33,0,0.33,0.03,0.08,0.03
40,Karim Ansarifard,MF,Iran,32,1990,2,0,35,0.4,0,0,0,0,0,0,0,0,0,0,0,0,0.17,0.2,0.17
41,Antony,FW,Brazil,22,2000,4,1,172,1.9,0,0,0,0,0,0,0,0,0,0,0,0,0.15,0.08,0.15
42,Uriel Antuna,MF,Mexico,24,1997,3,0,77,0.9,0,0,0,0,0,0,0,0,0,0,0,0,0.18,0.02,0.18
43,Néstor Araujo,DF,Mexico,30,1991,1,1,90,1,0,0,0,0,0,1,0,0,0,0,0,0,0,0,0
44,Takuma Asano,FW,Japan,27,1994,4,0,165,1.8,1,0,1,0,0,0,0,0.55,0,0.55,0.55,0.55,0.44,0.17,0.44
45,Marco Asensio,FW,Spain,26,1996,4,3,229,2.5,1,0,1,0,0,0,0,0.39,0,0.39,0.39,0.39,0.48,0.02,0.48
46,Ali Assadalla,MF,Qatar,29,1993,1,0,27,0.3,0,0,0,0,0,0,0,0,0,0,0,0,0,0,0
47,Lawrence Ati-Zigi,GK,Ghana,25,1996,3,3,270,3,0,0,0,0,0,0,0,0,0,0,0,0,0,0,0
48,Nathaniel Atkinson,DF,Australia,23,1999,1,1,84,0.9,0,0,0,0,0,0,0,0,0,0,0,0,0,0,0
49,Yahya Attiat Allah,DF,Morocco,27,1995,6,2,318,3.5,0,1,0,0,0,0,0,0,0.28,0.28,0,0.28,0.07,0.37,0.07
50,André Ayew,MF,Ghana,32,1989,3,3,198,2.2,1,0,1,0,1,1,0,0.45,0,0.45,0.45,0.45,0.52,0,0.16
51,Jordan Ayew,FW,Ghana,30,1991,3,2,136,1.5,0,1,0,0,0,0,0,0,0.66,0.66,0,0.66,0.03,0.32,0.03
52,Sardar Azmoun,FW,Iran,27,1995,3,2,126,1.4,0,0,0,0,0,0,0,0,0,0,0,0,0.67,0.05,0.67
53,César Azpilicueta,DF,Spain,32,1989,2,2,135,1.5,0,1,0,0,0,0,0,0,0.67,0.67,0,0.67,0,0.45,0
55,Keanu Baccus,MF,Australia,24,1998,4,1,114,1.3,0,0,0,0,0,0,0,0,0,0,0,0,0.04,0,0.04
56,Alexander Bah,DF,Denmark,24,1997,2,0,46,0.5,0,0,0,0,0,0,0,0,0,0,0,0,0.11,0.14,0.11
57,Hattan Bahebri,MF,Saudi Arabia,29,1992,2,0,4,0,0,1,0,0,0,1,0,0,22.5,22.5,0,22.5,0,14.37,0
58,Alejandro Balde,DF,Spain,18,2003,4,1,126,1.4,0,0,0,0,0,0,0,0,0,0,0,0,0.04,0,0.04
59,Gareth Bale,FW,Wales,32,1989,3,3,225,2.5,1,0,0,1,1,1,0,0.4,0,0.4,0,0,0.32,0.08,0.01
60,Fodé Ballo-Touré,DF,Senegal,25,1997,1,0,7,0.1,0,0,0,0,0,0,0,0,0,0,0,0,0,0,0
61,Badr Banoun,DF,Morocco,28,1993,3,0,54,0.6,0,0,0,0,0,0,0,0,0,0,0,0,0,0,0
63,Meshaal Barsham,GK,Qatar,24,1998,2,2,180,2,0,0,0,0,0,0,0,0,0,0,0,0,0,0,0
64,Christian Bassogog,MF,Cameroon,26,1995,1,0,24,0.3,0,0,0,0,0,1,0,0,0,0,0,0,0,0,0
65,Michy Batshuayi,FW,Belgium,28,1993,2,2,151,1.7,1,0,1,0,0,0,0,0.6,0,0.6,0.6,0.6,0.45,0.03,0.45
66,Jan Bednarek,DF,Poland,26,1996,1,0,5,0.1,0,0,0,0,0,0,0,0,0,0,0,0,0,0,0
67,Aziz Behich,DF,Australia,31,1990,4,4,360,4,0,0,0,0,0,1,0,0,0,0,0,0,0.03,0,0.03
68,Alireza Beiranvand,GK,Iran,29,1992,2,2,109,1.2,0,0,0,0,0,0,0,0,0,0,0,0,0,0,0
69,Jude Bellingham,MF,England,18,2003,5,5,414,4.6,1,1,1,0,0,0,0,0.22,0.22,0.43,0.22,0.43,0.12,0.07,0.12
70,Anis Ben Slimane,MF,Tunisia,21,2001,2,2,148,1.6,0,0,0,0,0,0,0,0,0,0,0,0,0.07,0.06,0.07
71,Jewison Bennette,MF,Costa Rica,17,2004,3,1,103,1.1,0,0,0,0,0,0,0,0,0,0,0,0,0.04,0,0.04
72,Rodrigo Bentancur,MF,Uruguay,24,1997,3,3,213,2.4,0,0,0,0,0,1,0,0,0,0,0,0,0.26,0.06,0.26
74,Steven Berghuis,MF,Netherlands,30,1991,4,1,200,2.2,0,1,0,0,0,1,0,0,0.45,0.45,0,0.45,0.13,0.04,0.13
75,Steven Bergwijn,FW,Netherlands,24,1997,4,3,213,2.4,0,0,0,0,0,1,0,0,0,0,0,0,0.21,0,0.21
76,Krystian Bielik,MF,Poland,24,1998,4,2,216,2.4,0,0,0,0,0,0,0,0,0,0,0,0,0.07,0,0.07
77,Daley Blind,DF,Netherlands,32,1990,5,5,423,4.7,1,1,1,0,0,0,0,0.21,0.21,0.43,0.21,0.43,0.08,0.1,0.08
78,Celso Borges,MF,Costa Rica,34,1988,3,3,249,2.8,0,0,0,0,0,1,0,0,0,0,0,0,0,0.02,0
79,Milan Borjan,GK,Canada,34,1987,3,3,270,3,0,0,0,0,0,0,0,0,0,0,0,0,0,0,0
80,Karim Boudiaf,MF,Qatar,31,1990,3,2,185,2.1,0,0,0,0,0,1,0,0,0,0,0,0,0,0,0
81,Sofiane Boufal,FW,Morocco,28,1993,7,7,475,5.3,0,0,0,0,0,1,0,0,0,0,0,0,0.05,0.06,0.05
82,Yassine Bounou,GK,Morocco,31,1991,6,6,570,6.3,0,0,0,0,0,0,0,0,0,0,0,0,0,0,0
83,Martin Braithwaite,MF,Denmark,31,1991,2,1,103,1.1,0,0,0,0,0,0,0,0,0,0,0,0,0.06,0.12,0.06
84,Mohammed Al-Breik,DF,Saudi Arabia,29,1992,2,1,65,0.7,0,0,0,0,0,0,0,0,0,0,0,0,0.51,0.07,0.03
85,Gleison Bremer,DF,Brazil,25,1997,2,1,109,1.2,0,0,0,0,0,0,0,0,0,0,0,0,0.14,0,0.14
86,Dylan Bronn,DF,Tunisia,26,1995,2,2,162,1.8,0,0,0,0,0,0,0,0,0,0,0,0,0.04,0,0.04
88,Tajon Buchanan,MF,Canada,23,1999,3,3,260,2.9,0,1,0,0,0,1,0,0,0.35,0.35,0,0.35,0.33,0.17,0.33
89,Ante Budimir,FW,Croatia,30,1991,2,0,55,0.6,0,0,0,0,0,0,0,0,0,0,0,0,0.37,0.07,0.37
90,Osman Bukari,MF,Ghana,23,1998,2,0,59,0.7,1,0,1,0,0,0,0,1.53,0,1.53,1.53,1.53,0.76,0.09,0.76
91,Ali Al-Bulaihi,DF,Saudi Arabia,32,1989,3,3,216,2.4,0,0,0,0,0,1,0,0,0,0,0,0,0,0,0
92,Firas Al-Buraikan,MF,Saudi Arabia,22,2000,3,3,268,3,0,1,0,0,0,0,0,0,0.34,0.34,0,0.34,0.04,0.02,0.04
93,Sergio Busquets,MF,Spain,33,1988,4,4,363,4,0,0,0,0,0,1,0,0,0,0,0,0,0.04,0.02,0.04
73,Bartosz Bereszyński,DF,Poland,29,1992,4,4,341,3.8,0,0,0,0,0,1,0,0,0,0,0,0,0,0,0
54,Srdan Babić,DF,Serbia,26,1996,1,0,13,0.1,0,0,0,0,0,0,0,0,0,0,0,0,0,0,0
94,Martín Cáceres,DF,Uruguay,35,1987,1,1,90,1,0,0,0,0,0,1,0,0,0,0,0,0,0,0,0
95,Moisés Caicedo,MF,Ecuador,20,2001,3,3,269,3,1,0,1,0,0,1,0,0.33,0,0.33,0.33,0.33,0.17,0,0.17
96,Francisco Calvo,DF,Costa Rica,29,1992,2,2,180,2,0,0,0,0,0,2,0,0,0,0,0,0,0.01,0,0.01
97,Eduardo Camavinga,DF,France,19,2002,2,1,140,1.6,0,0,0,0,0,0,0,0,0,0,0,0,0,0.11,0
98,Joel Campbell,MF,Costa Rica,29,1992,3,3,269,3,0,0,0,0,0,1,0,0,0,0,0,0,0,0.02,0
99,Joăo Cancelo,DF,Portugal,28,1994,4,3,310,3.4,0,0,0,0,0,0,0,0,0,0,0,0,0.01,0,0.01
100,Agustín Canobbio,MF,Uruguay,23,1998,1,0,11,0.1,0,0,0,0,0,0,0,0,0,0,0,0,0,0,0
101,Yannick Carrasco,DF,Belgium,28,1993,2,2,116,1.3,0,0,0,0,0,1,0,0,0,0,0,0,0.22,0,0.22
102,Cameron Carter-Vickers,DF,USA,24,1997,1,1,90,1,0,0,0,0,0,0,0,0,0,0,0,0,0,0,0
103,Dani Carvajal,DF,Spain,30,1992,2,1,135,1.5,0,0,0,0,0,0,0,0,0,0,0,0,0,0,0
104,William Carvalho,MF,Portugal,30,1992,4,2,215,2.4,0,0,0,0,0,0,0,0,0,0,0,0,0.03,0,0.03
105,Casemiro,MF,Brazil,30,1992,4,4,390,4.3,1,0,1,0,0,1,0,0.23,0,0.23,0.23,0.23,0.1,0.04,0.1
106,Matty Cash,DF,Poland,24,1997,4,4,360,4,0,0,0,0,0,2,0,0,0,0,0,0,0.01,0.04,0.01
107,Timothy Castagne,DF,Belgium,26,1995,3,3,270,3,0,0,0,0,0,0,0,0,0,0,0,0,0,0,0
108,Jean-Charles Castelletto,DF,Cameroon,27,1995,2,2,180,2,1,1,1,0,0,0,0,0.5,0.5,1,0.5,1,0.47,0.15,0.47
109,Lucas Cavallini,FW,Canada,29,1992,1,0,19,0.2,0,0,0,0,0,0,0,0,0,0,0,0,0,0,0
110,Edinson Cavani,FW,Uruguay,35,1987,3,1,124,1.4,0,0,0,0,0,1,0,0,0,0,0,0,0.21,0.5,0.21
111,Ghaylčne Chaalali,MF,Tunisia,28,1994,1,0,17,0.2,0,0,0,0,0,0,0,0,0,0,0,0,0,0,0
112,Daniel Chacón,MF,Costa Rica,21,2001,1,0,1,0,0,0,0,0,0,0,0,0,0,0,0,0,0,0,0
113,Ilias Chair,MF,Morocco,24,1997,1,0,45,0.5,0,0,0,0,0,0,0,0,0,0,0,0,0,0,0
114,Kwon Chang-hoon,MF,Korea Republic,27,1994,1,1,56,0.6,0,0,0,0,0,0,0,0,0,0,0,0,0,0.29,0
115,Luis Chávez,MF,Mexico,26,1996,3,3,270,3,1,0,1,0,0,0,0,0.33,0,0.33,0.33,0.33,0.1,0.15,0.1
116,Walid Cheddira,FW,Morocco,24,1998,2,0,64,0.7,0,0,0,0,0,2,1,0,0,0,0,0,1.24,0,1.24
117,Roozbeh Cheshmi,MF,Iran,28,1993,2,1,58,0.6,1,0,1,0,0,0,0,1.55,0,1.55,1.55,1.55,0.08,0,0.08
118,Andreas Christensen,DF,Denmark,26,1996,3,3,270,3,1,0,1,0,0,1,0,0.33,0,0.33,0.33,0.33,0.12,0,0.12
119,Hong Chul,DF,Korea Republic,31,1990,1,0,45,0.5,0,0,0,0,0,0,0,0,0,0,0,0,0,0.13,0
120,José Cifuentes,MF,Ecuador,23,1999,2,0,59,0.7,0,0,0,0,0,0,0,0,0,0,0,0,0.03,0,0.03
121,Pathé Ciss,MF,Senegal,28,1994,3,2,146,1.6,0,0,0,0,0,1,0,0,0,0,0,0,0.02,0,0.02
122,Sebastián Coates,DF,Uruguay,31,1990,2,2,180,2,0,0,0,0,0,1,0,0,0,0,0,0,0.05,0,0.05
123,Rubin Colwill,MF,Wales,20,2002,1,0,10,0.1,0,0,0,0,0,0,0,0,0,0,0,0,0.21,0,0.21
124,Kingsley Coman,MF,France,26,1996,6,1,169,1.9,0,0,0,0,0,0,0,0,0,0,0,0,0.1,0.05,0.1
125,Eray Cömert,DF,Switzerland,24,1998,2,0,46,0.5,0,0,0,0,0,1,0,0,0,0,0,0,0,0,0
126,Anthony Contreras,FW,Costa Rica,22,2000,3,2,125,1.4,0,0,0,0,0,1,0,0,0,0,0,0,0,0.01,0
127,Andreas Cornelius,FW,Denmark,29,1993,3,1,92,1,0,0,0,0,0,1,0,0,0,0,0,0,1,0.09,1
128,Ángel Correa,MF,Argentina,27,1995,1,0,5,0.1,0,0,0,0,0,0,0,0,0,0,0,0,0,0,0
129,Diogo Costa,GK,Portugal,22,1999,5,5,450,5,0,0,0,0,0,0,0,0,0,0,0,0,0,0.01,0
130,Thibaut Courtois,GK,Belgium,30,1992,3,3,270,3,0,0,0,0,0,0,0,0,0,0,0,0,0,0,0
131,Jason Cummings,FW,Australia,26,1995,1,0,35,0.4,0,0,0,0,0,0,0,0,0,0,0,0,0,0,0
132,Aimen Dahmen,GK,Tunisia,25,1997,3,3,270,3,0,0,0,0,0,0,0,0,0,0,0,0,0,0,0
133,Diogo Dalot,DF,Portugal,23,1999,3,3,258,2.9,0,2,0,0,0,0,0,0,0.7,0.7,0,0.7,0.01,0.25,0.01
134,Mikkel Damsgaard,MF,Denmark,21,2000,3,1,150,1.7,0,0,0,0,0,0,0,0,0,0,0,0,0,0.2,0
135,Danilo,DF,Brazil,30,1991,3,3,281,3.1,0,0,0,0,0,1,0,0,0,0,0,0,0.01,0,0.01
136,Achraf Dari,DF,Morocco,23,1999,3,2,187,2.1,1,0,1,0,0,1,0,0.48,0,0.48,0.48,0.48,0.3,0,0.3
137,Jonathan David,FW,Canada,22,2000,3,2,192,2.1,0,0,0,0,0,0,0,0,0,0,0,0,0.49,0,0.35
138,Alphonso Davies,DF,Canada,21,2000,3,3,270,3,1,0,1,0,1,1,0,0.33,0,0.33,0.33,0.33,0.36,0.17,0.09
139,Ben Davies,DF,Wales,29,1993,3,3,238,2.6,0,0,0,0,0,0,0,0,0,0,0,0,0.13,0,0.13
140,Nasser Al-Dawsari,FW,Saudi Arabia,23,1998,1,0,5,0.1,0,0,0,0,0,0,0,0,0,0,0,0,0,1.27,0
141,Salem Al-Dawsari,MF,Saudi Arabia,30,1991,3,3,270,3,2,0,2,0,1,1,0,0.67,0,0.67,0.67,0.67,0.59,0.08,0.32
142,Giorgian De Arrascaeta,MF,Uruguay,28,1994,2,1,108,1.2,2,0,2,0,0,0,0,1.67,0,1.67,1.67,1.67,1.01,0.45,1.01
143,Kevin De Bruyne,MF,Belgium,30,1991,3,3,270,3,0,0,0,0,0,0,0,0,0,0,0,0,0.08,0.3,0.08
144,Charles De Ketelaere,FW,Belgium,21,2001,1,0,16,0.2,0,0,0,0,0,0,0,0,0,0,0,0,0,0,0
145,Nicolás De La Cruz,MF,Uruguay,25,1997,2,0,38,0.4,0,0,0,0,0,0,0,0,0,0,0,0,0.09,0,0.09
146,Rodrigo De Paul,MF,Argentina,28,1994,7,7,599,6.7,0,0,0,0,0,0,0,0,0,0,0,0,0.13,0.05,0.13
147,Miloš Degenek,DF,Australia,28,1994,4,2,183,2,0,0,0,0,0,2,0,0,0,0,0,0,0,0,0
148,Thomas Delaney,MF,Denmark,30,1991,1,1,44,0.5,0,0,0,0,0,0,0,0,0,0,0,0,0,0,0
149,Ousmane Dembélé,FW,France,25,1997,7,6,433,4.8,0,2,0,0,0,1,0,0,0.42,0.42,0,0.42,0.1,0.34,0.1
150,Leander Dendoncker,MF,Belgium,27,1995,2,2,161,1.8,0,0,0,0,0,1,0,0,0,0,0,0,0.05,0.2,0.05
151,Sergińo Dest,DF,USA,21,2000,4,4,305,3.4,0,1,0,0,0,1,0,0,0.3,0.3,0,0.3,0.07,0.15,0.07
152,Ángel Di María,MF,Argentina,34,1988,5,4,288,3.2,1,1,1,0,0,0,0,0.31,0.31,0.62,0.31,0.62,0.27,0.2,0.27
153,Boulaye Dia,FW,Senegal,25,1996,4,4,318,3.5,1,0,1,0,0,1,0,0.28,0,0.28,0.28,0.28,0.21,0.01,0.21
154,Abdou Diallo,DF,Senegal,26,1996,4,4,331,3.7,0,0,0,0,0,0,0,0,0,0,0,0,0.01,0.02,0.01
155,Rúben Dias,DF,Portugal,25,1997,4,4,360,4,0,0,0,0,0,1,0,0,0,0,0,0,0.01,0,0.01
156,Krépin Diatta,MF,Senegal,23,1999,3,3,181,2,0,0,0,0,0,0,0,0,0,0,0,0,0.06,0.09,0.06
157,Famara Diedhiou,FW,Senegal,29,1992,2,1,92,1,1,0,1,0,0,0,0,0.98,0,0.98,0.98,0.98,0.19,0.03,0.19
158,Bamba Dieng,FW,Senegal,22,2000,4,0,100,1.1,1,0,1,0,0,0,0,0.9,0,0.9,0.9,0.9,0.45,0.05,0.45
159,Eric Dier,DF,England,28,1994,2,0,36,0.4,0,0,0,0,0,0,0,0,0,0,0,0,0,0,0
160,Axel Disasi,DF,France,24,1998,3,1,92,1,0,0,0,0,0,0,0,0,0,0,0,0,0.07,0,0.07
161,Alexander Djiku,DF,Ghana,27,1994,2,1,97,1.1,0,0,0,0,0,0,0,0,0,0,0,0,0,0,0
162,Ritsu Doan,FW,Japan,23,1998,4,2,217,2.4,2,0,2,0,0,0,0,0.83,0,0.83,0.83,0.83,0.21,0.07,0.21
163,Jeremy Doku,MF,Belgium,20,2002,1,0,19,0.2,0,0,0,0,0,0,0,0,0,0,0,0,0,0,0
164,Kasper Dolberg,FW,Denmark,24,1997,3,1,114,1.3,0,0,0,0,0,0,0,0,0,0,0,0,0.31,0.05,0.31
165,Mohamed Dräger,DF,Tunisia,25,1996,2,2,132,1.5,0,0,0,0,0,0,0,0,0,0,0,0,0.14,0.01,0.14
166,Óscar Duarte,DF,Costa Rica,33,1989,3,3,270,3,0,0,0,0,0,1,0,0,0,0,0,0,0,0.09,0
167,Mitchell Duke,FW,Australia,31,1991,4,4,270,3,1,0,1,0,0,1,0,0.33,0,0.33,0.33,0.33,0.12,0.01,0.12
168,Denzel Dumfries,DF,Netherlands,26,1996,5,5,479,5.3,1,2,1,0,0,2,1,0.19,0.38,0.56,0.19,0.56,0.08,0.06,0.08
169,Paulo Dybala,FW,Argentina,28,1993,2,0,18,0.2,0,0,0,0,0,0,0,0,0,0,0,0,0,1.03,0
170,Enzo Ebosse,DF,Cameroon,23,1999,1,1,90,1,0,0,0,0,0,0,0,0,0,0,0,0,0,0,0
171,Ederson,GK,Brazil,28,1993,1,1,90,1,0,0,0,0,0,0,0,0,0,0,0,0,0,0,0
172,Jorge Eduardo Sánchez,DF,Mexico,24,1997,2,2,175,1.9,0,0,0,0,0,1,0,0,0,0,0,0,0.01,0,0.01
173,Nico Elvedi,DF,Switzerland,25,1996,2,2,180,2,0,0,0,0,0,1,0,0,0,0,0,0,0.04,0,0.04
174,Breel Embolo,FW,Switzerland,25,1997,4,4,323,3.6,2,0,2,0,0,0,0,0.56,0,0.56,0.56,0.56,0.64,0.03,0.64
175,Youssef En-Nesyri,FW,Morocco,25,1997,7,7,542,6,2,0,2,0,0,0,0,0.33,0,0.33,0.33,0.33,0.21,0.01,0.21
176,Wataru Endo,MF,Japan,29,1993,4,3,304,3.4,0,0,0,0,0,1,0,0,0,0,0,0,0.06,0.15,0.06
177,Devis Epassy,GK,Cameroon,29,1993,2,2,180,2,0,0,0,0,0,0,0,0,0,0,0,0,0,0,0
178,Christian Eriksen,MF,Denmark,30,1992,3,3,270,3,0,0,0,0,0,0,0,0,0,0,0,0,0.06,0.14,0.06
179,Michael Estrada,FW,Ecuador,26,1996,3,3,225,2.5,0,0,0,0,0,0,0,0,0,0,0,0,0.13,0.01,0.13
180,Pervis Estupińán,DF,Ecuador,24,1998,3,3,270,3,0,0,0,0,0,0,0,0,0,0,0,0,0.02,0.09,0.02
181,Stephen Eustáquio,MF,Canada,25,1996,2,2,125,1.4,0,0,0,0,0,0,0,0,0,0,0,0,0.13,0.11,0.13
182,Saeid Ezatolahi,MF,Iran,25,1996,3,2,217,2.4,0,0,0,0,0,0,0,0,0,0,0,0,0.04,0.08,0.04
183,Abdessamad Ezzalzouli,MF,Morocco,20,2001,3,0,93,1,0,0,0,0,0,0,0,0,0,0,0,0,0.09,0.39,0.09
184,Fabinho,MF,Brazil,28,1993,1,1,90,1,0,0,0,0,0,0,0,0,0,0,0,0,0,0,0
185,Collins Fai,DF,Cameroon,29,1992,3,3,270,3,0,0,0,0,0,2,0,0,0,0,0,0,0.01,0.01,0.01
186,Salman Al-Faraj,MF,Saudi Arabia,32,1989,1,1,44,0.5,0,0,0,0,0,0,0,0,0,0,0,0,0,0,0
187,Christian Fassnacht,FW,Switzerland,28,1993,1,0,8,0.1,0,0,0,0,0,0,0,0,0,0,0,0,2.58,0,2.58
188,Abdul Fatawu Issahaku,FW,Ghana,18,2004,1,0,1,0,0,0,0,0,0,0,0,0,0,0,0,0,0,0,0
189,Ansu Fati,FW,Spain,19,2002,2,0,46,0.5,0,0,0,0,0,0,0,0,0,0,0,0,0,0,0
190,Joăo Félix,FW,Portugal,22,1999,4,4,331,3.7,1,2,1,0,0,1,0,0.27,0.54,0.82,0.27,0.82,0.24,0.1,0.24
191,Bruno Fernandes,MF,Portugal,27,1994,4,4,356,4,2,3,1,1,1,1,0,0.51,0.76,1.26,0.25,1.01,0.28,0.42,0.08
192,Edimilson Fernandes,MF,Switzerland,26,1996,3,1,145,1.6,0,0,0,0,0,0,0,0,0,0,0,0,0.02,0.21,0.02
193,Enzo Fernández,MF,Argentina,21,2001,7,5,564,6.3,1,1,1,0,0,1,0,0.16,0.16,0.32,0.16,0.32,0.05,0.16,0.05
194,Jesús Ferreira,FW,USA,21,2000,1,1,45,0.5,0,0,0,0,0,0,0,0,0,0,0,0,0,0,0
195,Phil Foden,MF,England,22,2000,4,3,258,2.9,1,2,1,0,0,0,0,0.35,0.7,1.05,0.35,1.05,0.38,0.2,0.38
196,Youssouf Fofana,MF,France,23,1999,6,2,227,2.5,0,0,0,0,0,0,0,0,0,0,0,0,0.07,0.07,0.07
197,Juan Foyth,DF,Argentina,24,1998,1,0,5,0.1,0,0,0,0,0,0,0,0,0,0,0,0,0,0,0
198,Alan Franco,MF,Ecuador,23,1998,2,1,46,0.5,0,0,0,0,0,0,0,0,0,0,0,0,0,0,0
200,Fred,MF,Brazil,29,1993,4,2,142,1.6,0,0,0,0,0,1,0,0,0,0,0,0,0.23,0.16,0.23
201,Fabian Frei,MF,Switzerland,33,1989,2,0,25,0.3,0,0,0,0,0,0,0,0,0,0,0,0,0,0,0
202,Remo Freuler,MF,Switzerland,30,1992,4,4,323,3.6,1,0,1,0,0,0,0,0.28,0,0.28,0.28,0.28,0.14,0,0.14
203,Keysher Fuller,DF,Costa Rica,27,1994,3,3,253,2.8,1,0,1,0,0,0,0,0.36,0,0.36,0.36,0.36,0.14,0.05,0.14
204,Niclas Füllkrug,FW,Germany,29,1993,3,0,69,0.8,2,1,2,0,0,0,0,2.61,1.3,3.91,2.61,3.91,2.86,0.76,2.86
205,Rogelio Funes Mori,FW,Mexico,31,1991,1,0,5,0.1,0,0,0,0,0,0,0,0,0,0,0,0,1.23,0,1.23
206,Cody Gakpo,MF,Netherlands,23,1999,5,5,450,5,3,0,3,0,0,0,0,0.6,0,0.6,0.6,0.6,0.06,0.12,0.06
207,Hernán Galíndez,GK,Ecuador,35,1987,3,3,270,3,0,0,0,0,0,0,0,0,0,0,0,0,0,0,0
208,Jesús Gallardo,DF,Mexico,27,1994,3,3,270,3,0,0,0,0,0,0,0,0,0,0,0,0,0.04,0.01,0.04
209,Idrissa Gana Gueye,MF,Senegal,32,1989,3,3,270,3,0,0,0,0,0,2,0,0,0,0,0,0,0.11,0.03,0.11
210,Gavi,MF,Spain,17,2004,4,4,284,3.2,1,0,1,0,0,0,0,0.32,0,0.32,0.32,0.32,0.04,0.03,0.04
211,Sultan Al-Ghanam,DF,Saudi Arabia,28,1994,3,1,126,1.4,0,0,0,0,0,0,0,0,0,0,0,0,0.12,0.05,0.12
212,Nader Ghandri,DF,Tunisia,27,1995,1,1,90,1,0,0,0,0,0,0,0,0,0,0,0,0,0,0,0
213,Saman Ghoddos,MF,Iran,28,1993,1,0,45,0.5,0,0,0,0,0,0,0,0,0,0,0,0,0.36,0.05,0.36
214,Ali Gholizadeh,MF,Iran,26,1996,3,2,199,2.2,0,1,0,0,0,0,0,0,0.45,0.45,0,0.45,0.01,0.07,0.01
215,Matthias Ginter,DF,Germany,28,1994,1,0,1,0,0,0,0,0,0,0,0,0,0,0,0,0,0,0,0
216,Olivier Giroud,FW,France,35,1986,6,6,419,4.7,4,0,4,0,0,1,0,0.86,0,0.86,0.86,0.86,0.72,0.03,0.72
217,Kamil Glik,DF,Poland,34,1988,4,4,360,4,0,0,0,0,0,0,0,0,0,0,0,0,0.06,0,0.06
218,Serge Gnabry,MF,Germany,26,1995,3,3,263,2.9,1,1,1,0,0,0,0,0.34,0.34,0.68,0.34,0.68,0.37,0.51,0.37
219,Diego Godín,DF,Uruguay,36,1986,2,2,151,1.7,0,0,0,0,0,0,0,0,0,0,0,0,0.03,0,0.03
220,Maxi Gómez,FW,Uruguay,25,1996,2,0,30,0.3,0,0,0,0,0,0,0,0,0,0,0,0,0.26,0,0.26
221,Papu Gómez,MF,Argentina,34,1988,2,2,107,1.2,0,0,0,0,0,0,0,0,0,0,0,0,0.03,0,0.03
223,Craig Goodwin,MF,Australia,30,1991,4,3,234,2.6,1,1,1,0,0,0,0,0.38,0.38,0.77,0.38,0.77,0.11,0.25,0.11
224,Leon Goretzka,MF,Germany,27,1995,3,2,159,1.8,0,0,0,0,0,1,0,0,0,0,0,0,0.26,0.01,0.26
225,Mario Götze,MF,Germany,30,1992,2,0,36,0.4,0,0,0,0,0,0,0,0,0,0,0,0,0.21,0.29,0.21
226,Jack Grealish,FW,England,26,1995,5,0,86,1,1,0,1,0,0,0,0,1.05,0,1.05,1.05,1.05,0.69,0.12,0.69
227,Antoine Griezmann,MF,France,31,1991,7,6,537,6,0,3,0,0,0,1,0,0,0.5,0.5,0,0.5,0.11,0.52,0.11
228,Kamil Grosicki,MF,Poland,34,1988,1,0,4,0,0,0,0,0,0,0,0,0,0,0,0,0,0,1.69,0
229,Carlos Gruezo,MF,Ecuador,27,1995,1,1,45,0.5,0,0,0,0,0,0,0,0,0,0,0,0,0,0,0
231,Andrés Guardado,MF,Mexico,35,1986,1,1,41,0.5,0,0,0,0,0,0,0,0,0,0,0,0,0,0,0
232,Nemanja Gudelj,MF,Serbia,30,1991,2,1,92,1,0,0,0,0,0,2,0,0,0,0,0,0,0,0,0
199,Przemysław Frankowski,MF,Poland,27,1995,4,3,240,2.7,0,0,0,0,0,1,0,0,0,0,0,0,0.01,0.09,0.01
222,Shūichi Gonda,GK,Japan,33,1989,4,4,390,4.3,0,0,0,0,0,0,0,0,0,0,0,0,0,0,0
233,Mattéo Guendouzi,MF,France,23,1999,1,1,78,0.9,0,0,0,0,0,0,0,0,0,0,0,0,0,0,0
234,Raphaël Guerreiro,DF,Portugal,28,1993,4,3,279,3.1,1,2,1,0,0,0,0,0.32,0.65,0.97,0.32,0.97,0.12,0.19,0.12
235,Cho Guesung,FW,Korea Republic,24,1998,4,3,275,3.1,2,0,2,0,0,1,0,0.65,0,0.65,0.65,0.65,0.35,0.01,0.35
236,Pape Gueye,MF,Senegal,23,1999,3,1,153,1.7,0,0,0,0,0,0,0,0,0,0,0,0,0.07,0.11,0.07
237,Bruno Guimarăes,MF,Brazil,24,1997,2,0,69,0.8,0,0,0,0,0,1,0,0,0,0,0,0,0.92,0,0.92
239,Erick Gutiérrez,MF,Mexico,26,1995,1,0,49,0.5,0,0,0,0,0,1,0,0,0,0,0,0,0,0,0
240,Joško Gvardiol,DF,Croatia,20,2002,7,7,690,7.7,1,0,1,0,0,0,0,0.13,0,0.13,0.13,0.13,0.02,0.01,0.02
241,Asiri Haitham,FW,Saudi Arabia,21,2001,1,0,2,0,0,0,0,0,0,0,0,0,0,0,0,0,0,0,0
242,Ehsan Hajsafi,DF,Iran,32,1990,3,3,237,2.6,0,0,0,0,0,0,0,0,0,0,0,0,0.06,0.08,0.06
243,Achraf Hakimi,DF,Morocco,23,1998,7,7,631,7,0,1,0,0,0,0,0,0,0.14,0.14,0,0.14,0.02,0.07,0.02
244,Abderrazak Hamdallah,FW,Morocco,31,1990,4,0,68,0.8,0,0,0,0,0,0,0,0,0,0,0,0,0.52,0,0.52
245,Abdelkarim Hassan,DF,Qatar,28,1993,3,3,270,3,0,0,0,0,0,0,0,0,0,0,0,0,0.1,0.01,0.1
246,Ali Al Hassan,MF,Saudi Arabia,25,1997,1,1,45,0.5,0,0,0,0,0,1,0,0,0,0,0,0,0.15,0,0.15
247,Abdulaziz Hatem,MF,Qatar,31,1990,3,2,196,2.2,0,0,0,0,0,0,0,0,0,0,0,0,0.01,0.01,0.01
248,Kai Havertz,FW,Germany,23,1999,2,1,102,1.1,2,0,2,0,0,0,0,1.76,0,1.76,1.76,1.76,1.19,0.17,1.19
249,Hassan Al-Haydos,MF,Qatar,31,1990,3,3,206,2.3,0,0,0,0,0,0,0,0,0,0,0,0,0.01,0.27,0.01
250,Eden Hazard,MF,Belgium,31,1991,3,2,124,1.4,0,0,0,0,0,0,0,0,0,0,0,0,0.04,0.01,0.04
251,Thorgan Hazard,FW,Belgium,29,1993,2,1,106,1.2,0,0,0,0,0,0,0,0,0,0,0,0,0,1.07,0
252,Hwang Hee-chan,FW,Korea Republic,26,1996,2,1,115,1.3,1,0,1,0,0,1,0,0.78,0,0.78,0.78,0.78,0.72,0.03,0.72
253,Jordan Henderson,MF,England,31,1990,4,3,271,3,1,0,1,0,0,0,0,0.33,0,0.33,0.33,0.33,0.05,0.11,0.05
254,Wayne Hennessey,GK,Wales,35,1987,2,2,175,1.9,0,0,0,0,0,0,1,0,0,0,0,0,0,0,0
255,Lucas Hernández,DF,France,26,1996,1,1,12,0.1,0,0,0,0,0,0,0,0,0,0,0,0,0,0,0
256,Theo Hernández,DF,France,24,1997,6,5,508,5.6,1,2,1,0,0,1,0,0.18,0.35,0.53,0.18,0.53,0.07,0.22,0.07
257,Héctor Herrera,MF,Mexico,32,1990,2,2,160,1.8,0,0,0,0,0,1,0,0,0,0,0,0,0,0.06,0
258,Son Heung-min,MF,Korea Republic,29,1992,4,4,360,4,0,1,0,0,0,0,0,0,0.25,0.25,0,0.25,0.11,0.24,0.11
259,Piero Hincapié,DF,Ecuador,20,2002,3,3,270,3,0,0,0,0,0,0,0,0,0,0,0,0,0,0,0
260,Jonas Hofmann,FW,Germany,29,1992,2,0,30,0.3,0,0,0,0,0,0,0,0,0,0,0,0,0.82,0.16,0.82
261,Junior Hoilett,MF,Canada,32,1990,3,2,161,1.8,0,0,0,0,0,1,0,0,0,0,0,0,0.08,0.21,0.08
262,Martin Hongla,MF,Cameroon,24,1998,2,2,121,1.3,0,0,0,0,0,0,0,0,0,0,0,0,0.04,0.05,0.04
263,Ricardo Horta,FW,Portugal,27,1994,3,1,119,1.3,1,0,1,0,0,0,0,0.76,0,0.76,0.76,0.76,0.58,0.05,0.58
264,Hossein Hosseini,GK,Iran,29,1992,2,1,161,1.8,0,0,0,0,0,0,0,0,0,0,0,0,0,0,0
265,Majid Hosseini,DF,Iran,25,1996,3,3,270,3,0,0,0,0,0,1,0,0,0,0,0,0,0,0,0
266,Ajdin Hrustic,MF,Australia,25,1996,3,0,62,0.7,0,0,0,0,0,0,0,0,0,0,0,0,0.04,0,0.04
267,Atiba Hutchinson,MF,Canada,39,1983,3,2,159,1.8,0,0,0,0,0,0,0,0,0,0,0,0,0.07,0,0.07
268,Pierre Hřjbjerg,MF,Denmark,26,1995,3,3,270,3,0,0,0,0,0,0,0,0,0,0,0,0,0.01,0.01,0.01
269,Romario Ibarra,MF,Ecuador,27,1994,2,1,68,0.8,0,0,0,0,0,0,0,0,0,0,0,0,0.19,0,0.19
271,Hwang In-beom,MF,Korea Republic,25,1996,4,4,334,3.7,0,0,0,0,0,0,0,0,0,0,0,0,0.06,0.02,0.06
272,Jackson Irvine,MF,Australia,29,1993,4,4,354,3.9,0,0,0,0,0,2,0,0,0,0,0,0,0.13,0.01,0.13
273,Ko Itakura,DF,Japan,25,1997,3,3,270,3,0,1,0,0,0,2,0,0,0.33,0.33,0,0.33,0.05,0.03,0.05
274,Hiroki Ito,DF,Japan,23,1999,1,0,45,0.5,0,0,0,0,0,0,0,0,0,0,0,0,0,0.09,0
275,Junya Ito,MF,Japan,29,1993,4,3,324,3.6,0,1,0,0,0,0,0,0,0.28,0.28,0,0.28,0.05,0.07,0.05
277,Nicolas Jackson,FW,Senegal,20,2001,1,0,17,0.2,0,0,0,0,0,0,0,0,0,0,0,0,0,0,0
278,Lee Jae-sung,MF,Korea Republic,29,1992,3,3,211,2.3,0,0,0,0,0,0,0,0,0,0,0,0,0.01,0.02,0.01
276,Yahya Jabrane,MF,Morocco,30,1991,2,0,15,0.2,0,0,0,0,0,0,0,0,0,0,0,0,0,0,0
279,Alireza Jahanbakhsh,MF,Iran,28,1993,2,1,59,0.7,0,0,0,0,0,2,0,0,0,0,0,0,0.29,0,0.29
281,Ismail Jakobs,DF,Senegal,22,1999,4,3,278,3.1,0,1,0,0,0,1,0,0,0.32,0.32,0,0.32,0,0.1,0
282,Abolfazl Jalali,DF,Iran,23,1998,1,0,19,0.2,0,0,0,0,0,1,0,0,0,0,0,0,0,0,0
283,Daniel James,MF,Wales,24,1997,3,2,154,1.7,0,0,0,0,0,1,0,0,0,0,0,0,0,0.02,0
284,Vincent Janssen,FW,Netherlands,27,1994,2,1,86,1,0,0,0,0,0,0,0,0,0,0,0,0,0.09,0.04,0.09
285,Ardon Jasari,FW,Switzerland,19,2002,1,0,2,0,0,0,0,0,0,0,0,0,0,0,0,0,0,0,0
286,Issam Jebali,FW,Tunisia,30,1991,3,2,182,2,0,0,0,0,0,0,0,0,0,0,0,0,0.26,0.08,0.26
288,Mathias Jensen,MF,Denmark,26,1996,2,1,84,0.9,0,0,0,0,0,1,0,0,0,0,0,0,0.11,0.38,0.11
289,Gabriel Jesus,FW,Brazil,25,1997,3,1,93,1,0,0,0,0,0,0,0,0,0,0,0,0,0.35,0.23,0.35
290,Raúl Jiménez,FW,Mexico,31,1991,3,0,59,0.7,0,0,0,0,0,0,0,0,0,0,0,0,0,0,0
291,Kim Jin-su,DF,Korea Republic,30,1992,4,4,315,3.5,0,1,0,0,0,0,0,0,0.29,0.29,0,0.29,0.09,0.17,0.09
292,Brennan Johnson,FW,Wales,21,2001,3,0,91,1,0,0,0,0,0,0,0,0,0,0,0,0,0.21,0,0.21
293,Alistair Johnston,DF,Canada,23,1998,3,3,270,3,0,0,0,0,0,1,0,0,0,0,0,0,0.27,0.06,0.27
294,Frenkie de Jong,MF,Netherlands,25,1997,5,5,475,5.3,1,1,1,0,0,1,0,0.19,0.19,0.38,0.19,0.38,0.18,0.04,0.18
295,Luuk de Jong,FW,Netherlands,31,1990,1,0,57,0.6,0,0,0,0,0,0,0,0,0,0,0,0,0.25,0,0.25
297,Son Jun-ho,MF,Korea Republic,30,1992,3,0,72,0.8,0,0,0,0,0,0,0,0,0,0,0,0,0,0,0
298,Vinicius Júnior,FW,Brazil,21,2000,4,4,299,3.3,1,2,1,0,0,0,0,0.3,0.6,0.9,0.3,0.9,0.3,0.2,0.3
300,Daichi Kamada,MF,Japan,25,1996,4,4,322,3.6,0,0,0,0,0,0,0,0,0,0,0,0,0.18,0.01,0.18
302,Hossein Kanaanizadegan,DF,Iran,28,1994,1,0,45,0.5,0,0,0,0,0,1,0,0,0,0,0,0,0,0,0
303,Harry Kane,FW,England,28,1993,5,5,402,4.5,2,3,1,1,2,0,0,0.45,0.67,1.12,0.22,0.9,0.6,0.34,0.25
304,Lee Kangin,MF,Korea Republic,21,2001,4,1,147,1.6,0,1,0,0,0,1,0,0,0.61,0.61,0,0.61,0.09,0.17,0.09
305,Mohamed Kanno,MF,Saudi Arabia,27,1994,3,3,270,3,0,0,0,0,0,0,0,0,0,0,0,0,0.1,0,0.1
307,Ali Karimi,MF,Iran,28,1994,3,1,99,1.1,0,0,0,0,0,0,0,0,0,0,0,0,0,0,0
308,Mark-Anthony Kaye,MF,Canada,27,1994,1,1,59,0.7,0,0,0,0,0,0,0,0,0,0,0,0,0.06,0,0.06
309,Wajdi Kechrida,DF,Tunisia,26,1995,3,1,111,1.2,0,0,0,0,0,1,0,0,0,0,0,0,0,0.08,0
310,Thilo Kehrer,DF,Germany,25,1996,1,1,69,0.8,0,0,0,0,0,1,0,0,0,0,0,0,0,0,0
311,Bilal El Khannous,MF,Morocco,18,2004,1,1,55,0.6,0,0,0,0,0,0,0,0,0,0,0,0,0,0,0
312,Wahbi Khazri,FW,Tunisia,31,1991,2,1,83,0.9,1,0,1,0,0,0,0,1.08,0,1.08,1.08,1.08,0.47,0,0.47
313,Musab Kheder,DF,Qatar,28,1993,1,0,6,0.1,0,0,0,0,0,0,0,0,0,0,0,0,0,0,0
314,Boualem Khoukhi,DF,Qatar,31,1990,3,3,270,3,0,0,0,0,0,0,0,0,0,0,0,0,0,0,0
315,Joshua Kimmich,MF,Germany,27,1995,3,3,270,3,0,0,0,0,0,1,0,0,0,0,0,0,0.12,0.37,0.12
316,Jakub Kiwior,DF,Poland,22,2000,4,4,355,3.9,0,0,0,0,0,1,0,0,0,0,0,0,0.01,0,0.01
317,Simon Kjćr,DF,Denmark,33,1989,1,1,64,0.7,0,0,0,0,0,0,0,0,0,0,0,0,0,0,0
318,Davy Klaassen,MF,Netherlands,29,1993,4,3,190,2.1,1,2,1,0,0,0,0,0.47,0.95,1.42,0.47,1.42,0.11,0.14,0.11
319,Lukas Klostermann,DF,Germany,26,1996,2,0,66,0.7,0,0,0,0,0,0,0,0,0,0,0,0,0,0,0
320,Gregor Kobel,GK,Switzerland,24,1997,1,1,90,1,0,0,0,0,0,0,0,0,0,0,0,0,0,0,0
321,Koke,MF,Spain,30,1992,2,0,52,0.6,0,0,0,0,0,0,0,0,0,0,0,0,0,0,0
322,Randal Kolo Muani,FW,France,23,1998,3,1,182,2,1,0,1,0,0,0,0,0.49,0,0.49,0.49,0.49,0.65,0,0.65
323,Ibrahima Konaté,DF,France,23,1999,5,3,294,3.3,0,0,0,0,0,0,0,0,0,0,0,0,0.12,0.12,0.12
324,Ismaël Koné,MF,Canada,20,2002,3,0,109,1.2,0,0,0,0,0,0,0,0,0,0,0,0,0,0.05,0
325,Teun Koopmeiners,MF,Netherlands,24,1998,5,1,219,2.4,0,1,0,0,0,1,0,0,0.41,0.41,0,0.41,0.04,0.09,0.04
296,Luka Jović,FW,Serbia,24,1997,1,0,36,0.4,0,0,0,0,0,1,0,0,0,0,0,0,0.13,0.4,0.13
287,Artur Jędrzejczyk,DF,Poland,34,1987,1,0,19,0.2,0,0,0,0,0,0,0,0,0,0,0,0,0,0,0
301,Jakub Kamiński,MF,Poland,20,2002,4,2,233,2.6,0,0,0,0,0,0,0,0,0,0,0,0,0.14,0.09,0.1
306,Fran Karačić,DF,Australia,26,1996,2,1,93,1,0,0,0,0,0,0,0,0,0,0,0,0,0.17,0.09,0.17
327,Kalidou Koulibaly,DF,Senegal,30,1991,4,4,360,4,1,0,1,0,0,1,0,0.25,0,0.25,0.25,0.25,0.12,0.01,0.12
328,Jules Koundé,DF,France,23,1998,6,5,480,5.3,0,0,0,0,0,1,0,0,0,0,0,0,0.04,0.01,0.04
329,Cheikhou Kouyaté,MF,Senegal,32,1989,1,1,72,0.8,0,0,0,0,0,0,0,0,0,0,0,0,0,0.05,0
332,Grzegorz Krychowiak,MF,Poland,32,1990,4,4,332,3.7,0,0,0,0,0,1,0,0,0,0,0,0,0.01,0.05,0.01
333,Takefusa Kubo,FW,Japan,21,2001,2,2,90,1,0,0,0,0,0,0,0,0,0,0,0,0,0,0,0
334,Pierre Kunde,MF,Cameroon,26,1995,2,2,131,1.5,0,0,0,0,0,1,0,0,0,0,0,0,0.15,0.05,0.15
335,Garang Kuol,MF,Australia,17,2004,2,0,37,0.4,0,0,0,0,0,0,0,0,0,0,0,0,0.92,0,0.92
336,Daniel Kyereh,MF,Ghana,26,1996,3,0,33,0.4,0,0,0,0,0,0,0,0,0,0,0,0,0,0,0
337,Kwon Kyung-won,DF,Korea Republic,30,1992,2,1,91,1,0,0,0,0,0,0,0,0,0,0,0,0,0.02,0,0.02
338,Aďssa Laďdouni,MF,Tunisia,25,1996,3,3,243,2.7,0,1,0,0,0,1,0,0,0.37,0.37,0,0.37,0.05,0.16,0.05
339,Tariq Lamptey,DF,Ghana,21,2000,2,1,102,1.1,0,0,0,0,0,1,0,0,0,0,0,0,0.06,0,0.06
341,Aymeric Laporte,DF,Spain,28,1994,3,3,300,3.3,0,0,0,0,0,1,0,0,0,0,0,0,0.01,0.01,0.01
342,Cyle Larin,FW,Canada,27,1995,3,2,137,1.5,0,0,0,0,0,0,0,0,0,0,0,0,0.16,0.34,0.16
343,Richie Laryea,DF,Canada,27,1995,3,2,160,1.8,0,0,0,0,0,0,0,0,0,0,0,0,0.04,0.3,0.04
345,Rafael Leăo,FW,Portugal,23,1999,5,0,88,1,2,0,2,0,0,0,0,2.05,0,2.05,2.05,2.05,0.42,0.16,0.42
346,Mathew Leckie,MF,Australia,31,1991,4,4,333,3.7,1,1,1,0,0,0,0,0.27,0.27,0.54,0.27,0.54,0.04,0.08,0.04
347,Robert Lewandowski,FW,Poland,33,1988,4,4,360,4,2,1,1,1,2,0,0,0.5,0.25,0.75,0.25,0.5,0.73,0.1,0.34
348,Matthijs de Ligt,DF,Netherlands,22,1999,2,1,91,1,0,0,0,0,0,1,0,0,0,0,0,0,0,0,0
349,Jesper Lindstrřm,MF,Denmark,22,2000,3,2,200,2.2,0,0,0,0,0,0,0,0,0,0,0,0,0.14,0,0.14
350,Marko Livaja,FW,Croatia,28,1993,6,3,241,2.7,1,1,1,0,0,0,0,0.37,0.37,0.75,0.37,0.75,0.31,0.03,0.31
352,Marcos Llorente,DF,Spain,27,1995,1,1,120,1.3,0,0,0,0,0,0,0,0,0,0,0,0,0.02,0,0.02
353,Hugo Lloris,GK,France,35,1986,6,6,570,6.3,0,0,0,0,0,0,0,0,0,0,0,0,0,0,0
354,Dejan Lovren,DF,Croatia,32,1989,6,6,600,6.7,0,1,0,0,0,1,0,0,0.15,0.15,0,0.15,0.04,0.01,0.04
355,Hirving Lozano,FW,Mexico,26,1995,3,3,252,2.8,0,0,0,0,0,0,0,0,0,0,0,0,0.07,0.36,0.07
356,Romelu Lukaku,FW,Belgium,29,1993,2,0,55,0.6,0,0,0,0,0,0,0,0,0,0,0,0,2.84,0.06,2.84
358,Ali Maâloul,DF,Tunisia,32,1990,1,1,90,1,0,0,0,0,0,0,0,0,0,0,0,0,0,0,0
359,Awer Mabil,MF,Australia,26,1995,2,0,24,0.3,0,0,0,0,0,0,0,0,0,0,0,0,0,0,0
360,Alexis Mac Allister,MF,Argentina,23,1998,6,6,550,6.1,1,1,1,0,0,0,0,0.16,0.16,0.33,0.16,0.33,0.12,0.18,0.12
361,Jamie Maclaren,FW,Australia,28,1993,3,0,55,0.6,0,0,0,0,0,0,0,0,0,0,0,0,0,0.08,0
362,Assim Madibo,MF,Qatar,25,1996,2,2,153,1.7,0,0,0,0,0,1,0,0,0,0,0,0,0,0.02,0
363,Abdullah Madu,DF,Saudi Arabia,28,1993,1,0,45,0.5,0,0,0,0,0,1,0,0,0,0,0,0,0,0,0
364,Daizen Maeda,FW,Japan,24,1997,3,3,180,2,1,0,1,0,0,0,0,0.5,0,0.5,0.5,0.5,0.24,0,0.24
365,Harry Maguire,DF,England,29,1993,5,5,429,4.8,0,1,0,0,0,1,0,0,0.21,0.21,0,0.21,0.08,0.01,0.08
366,Lovro Majer,MF,Croatia,24,1998,7,1,130,1.4,1,0,1,0,0,0,0,0.69,0,0.69,0.69,0.69,0.67,0.07,0.67
368,Abdulellah Al-Malki,MF,Saudi Arabia,27,1994,2,2,174,1.9,0,0,0,0,0,2,0,0,0,0,0,0,0.06,0,0.06
369,Steve Mandanda,GK,France,37,1985,1,1,90,1,0,0,0,0,0,0,0,0,0,0,0,0,0,0,0
370,José María Giménez,DF,Uruguay,27,1995,3,3,270,3,0,0,0,0,0,1,0,0,0,0,0,0,0.06,0,0.06
371,Joăo Mário,MF,Portugal,29,1993,2,1,84,0.9,0,0,0,0,0,0,0,0,0,0,0,0,0,0,0
326,Filip Kostić,DF,Serbia,29,1992,2,2,179,2,0,0,0,0,0,0,0,0,0,0,0,0,0.01,0.02,0.01
344,Darko Lazović,DF,Serbia,31,1990,1,0,25,0.3,0,0,0,0,0,0,0,0,0,0,0,0,0.05,0,0.05
357,Saša Lukić,MF,Serbia,25,1996,3,3,245,2.7,0,0,0,0,0,2,0,0,0,0,0,0,0.02,0,0.02
340,Noa Lang,MF,Netherlands,22,1999,1,0,8,0.1,0,0,0,0,0,1,0,0,0,0,0,0,0,0,0
372,Marquinhos,DF,Brazil,28,1994,5,4,426,4.7,0,0,0,0,0,1,0,0,0,0,0,0,0.04,0.17,0.04
373,Henry Martín,FW,Mexico,29,1992,2,2,146,1.6,1,0,1,0,0,0,0,0.62,0,0.62,0.62,0.62,0.57,0.13,0.57
374,Martinelli,FW,Brazil,20,2001,3,1,113,1.3,0,0,0,0,0,0,0,0,0,0,0,0,0.42,0.14,0.42
375,Carlos Martínez,DF,Costa Rica,23,1999,1,1,45,0.5,0,0,0,0,0,0,0,0,0,0,0,0,0,0,0
376,Emiliano Martínez,GK,Argentina,29,1992,7,7,690,7.7,0,0,0,0,0,1,0,0,0,0,0,0,0,0,0
377,Lautaro Martínez,FW,Argentina,24,1997,6,2,241,2.7,0,0,0,0,0,0,0,0,0,0,0,0,0.86,0.02,0.86
378,Lisandro Martínez,DF,Argentina,24,1998,5,2,303,3.4,0,0,0,0,0,1,0,0,0,0,0,0,0.04,0.21,0.04
379,Pape Matar Sarr,MF,Senegal,19,2002,2,0,59,0.7,0,0,0,0,0,0,0,0,0,0,0,0,0.18,0.05,0.18
380,Rónald Matarrita,DF,Costa Rica,27,1994,2,0,26,0.3,0,0,0,0,0,0,0,0,0,0,0,0,0,0,0
381,Eric Maxim Choupo-Moting,FW,Cameroon,33,1989,3,3,253,2.8,1,0,1,0,0,0,0,0.36,0,0.36,0.36,0.36,0.29,0.02,0.29
382,Noussair Mazraoui,DF,Morocco,24,1997,5,5,365,4.1,0,0,0,0,0,0,0,0,0,0,0,0,0.04,0.01,0.04
383,Kylian Mbappé,FW,France,23,1998,7,6,598,6.6,8,2,6,2,2,0,0,1.2,0.3,1.51,0.9,1.2,0.82,0.21,0.57
384,Bryan Mbeumo,MF,Cameroon,22,1999,3,3,233,2.6,0,0,0,0,0,0,0,0,0,0,0,0,0.08,0.11,0.08
385,Riley McGree,MF,Australia,23,1998,4,4,265,2.9,0,1,0,0,0,0,0,0,0.34,0.34,0,0.34,0.05,0.22,0.05
386,Weston McKennie,MF,USA,23,1998,4,4,271,3,0,0,0,0,0,1,0,0,0,0,0,0,0.13,0.13,0.13
387,Hannibal Mejbri,MF,Tunisia,19,2003,1,0,11,0.1,0,0,0,0,0,0,0,0,0,0,0,0,0,0,0
388,Memphis,FW,Netherlands,28,1994,5,3,297,3.3,1,0,1,0,0,1,0,0.3,0,0.3,0.3,0.3,0.44,0.16,0.44
389,Nuno Mendes,DF,Portugal,19,2002,1,1,41,0.5,0,0,0,0,0,0,0,0,0,0,0,0,0,0.04,0
390,Jhegson Méndez,MF,Ecuador,25,1997,2,2,180,2,0,0,0,0,0,2,0,0,0,0,0,0,0,0.07,0
391,Edouard Mendy,GK,Senegal,30,1992,4,4,360,4,0,0,0,0,0,0,0,0,0,0,0,0,0,0.01,0
392,Nampalys Mendy,MF,Senegal,29,1992,4,3,272,3,0,0,0,0,0,1,0,0,0,0,0,0,0.02,0.01,0.02
393,Gideon Mensah,DF,Ghana,23,1998,1,1,87,1,0,1,0,0,0,0,0,0,1.03,1.03,0,1.03,0,0.28,0
394,Chris Mepham,DF,Wales,24,1997,3,3,270,3,0,0,0,0,0,1,0,0,0,0,0,0,0,0.07,0
395,Yassine Meriah,DF,Tunisia,28,1993,3,3,270,3,0,0,0,0,0,0,0,0,0,0,0,0,0.02,0.01,0.02
396,Dries Mertens,FW,Belgium,35,1987,2,1,76,0.8,0,0,0,0,0,0,0,0,0,0,0,0,0.94,0.17,0.94
397,Lionel Messi,FW,Argentina,34,1987,7,7,690,7.7,7,3,3,4,5,1,0,0.91,0.39,1.3,0.39,0.78,0.94,0.36,0.38
398,Thomas Meunier,DF,Belgium,30,1991,3,2,211,2.3,0,0,0,0,0,1,0,0,0,0,0,0,0.09,0.21,0.09
400,Arkadiusz Milik,FW,Poland,28,1994,3,1,101,1.1,0,0,0,0,0,1,0,0,0,0,0,0,0.22,0.09,0.22
403,Éder Milităo,DF,Brazil,24,1998,4,4,347,3.9,0,0,0,0,0,1,0,0,0,0,0,0,0.05,0.01,0.05
404,Liam Millar,DF,Canada,22,1999,1,0,10,0.1,0,0,0,0,0,0,0,0,0,0,0,0,0,0,0
405,Kamal Miller,DF,Canada,25,1997,3,3,270,3,0,0,0,0,0,1,0,0,0,0,0,0,0,0,0
406,Kim Min-jae,DF,Korea Republic,25,1996,3,3,269,3,0,0,0,0,0,0,0,0,0,0,0,0,0.03,0,0.03
407,Takumi Minamino,FW,Japan,27,1995,3,0,60,0.7,0,0,0,0,0,0,0,0,0,0,0,0,0.36,0,0.36
408,Kaoru Mitoma,MF,Japan,25,1997,4,0,165,1.8,0,1,0,0,0,0,0,0,0.55,0.55,0,0.55,0.05,0.83,0.05
414,Milad Mohammadi,DF,Iran,28,1993,3,3,196,2.2,0,0,0,0,0,0,0,0,0,0,0,0,0,0,0
415,Kudus Mohammed,MF,Ghana,21,2000,3,3,247,2.7,2,0,2,0,0,1,0,0.73,0,0.73,0.73,0.73,0.3,0,0.3
416,Sadegh Moharrami,DF,Iran,26,1996,1,1,90,1,0,0,0,0,0,0,0,0,0,0,0,0,0,0,0
417,Nahuel Molina,DF,Argentina,24,1998,7,6,567,6.3,1,1,1,0,0,0,0,0.16,0.16,0.32,0.16,0.32,0.07,0.05,0.07
399,Nikola Milenković,DF,Serbia,24,1997,3,3,270,3,0,0,0,0,0,2,0,0,0,0,0,0,0.06,0,0.06
413,Ismail Mohamad,FW,Qatar,32,1990,2,2,174,1.9,0,1,0,0,0,1,0,0,0.52,0.52,0,0.52,0,0,0
418,César Montes,DF,Mexico,25,1997,3,3,270,3,0,1,0,0,0,0,0,0,0.33,0.33,0,0.33,0.06,0.17,0.06
419,Gonzalo Montiel,DF,Argentina,25,1997,4,1,118,1.3,0,0,0,0,0,3,0,0,0,0,0,0,0.02,0.42,0.02
420,Kim Moonhwan,DF,Korea Republic,26,1995,4,4,360,4,0,0,0,0,0,0,0,0,0,0,0,0,0,0.15,0
421,Kieffer Moore,FW,Wales,29,1992,3,2,225,2.5,0,0,0,0,0,0,0,0,0,0,0,0,0.41,0.1,0.41
422,Shaquell Moore,DF,USA,25,1996,2,0,22,0.2,0,0,0,0,0,0,0,0,0,0,0,0,0,0,0
423,Aaron Mooy,MF,Australia,31,1990,4,4,360,4,0,0,0,0,0,1,0,0,0,0,0,0,0.01,0.02,0.01
424,Álvaro Morata,FW,Spain,29,1992,4,1,185,2.1,3,1,3,0,0,0,0,1.46,0.49,1.95,1.46,1.95,0.79,0.14,0.79
425,Héctor Moreno,DF,Mexico,34,1988,3,3,270,3,0,0,0,0,0,1,0,0,0,0,0,0,0.06,0.01,0.06
426,Hidemasa Morita,MF,Japan,27,1995,3,3,285,3.2,0,0,0,0,0,0,0,0,0,0,0,0,0.05,0.03,0.05
427,Joe Morrell,MF,Wales,25,1997,2,0,33,0.4,0,0,0,0,0,0,0,0,0,0,0,0,0,0,0
428,Jordan Morris,DF,USA,27,1994,2,0,4,0,0,0,0,0,0,0,0,0,0,0,0,0,0,0,0
429,Youssoufa Moukoko,FW,Germany,17,2004,1,0,1,0,0,0,0,0,0,0,0,0,0,0,0,0,0,0,0
430,Mason Mount,MF, England,23,1999,4,2,186,2.1,0,0,0,0,0,0,0,0,0,0,0,0,0.1,0.02,0.1
431,Youssef Msakni,MF,Tunisia,31,1990,2,2,169,1.9,0,0,0,0,0,0,0,0,0,0,0,0,0.29,0.34,0.29
432,Thomas Müller,FW,Germany,32,1989,3,3,201,2.2,0,0,0,0,0,0,0,0,0,0,0,0,0.14,0.28,0.14
433,Munir,GK,Morocco,33,1989,1,1,90,1,0,0,0,0,0,0,0,0,0,0,0,0,0,0,0
434,Mohammed Muntari,FW,Qatar,28,1993,3,0,63,0.7,1,0,1,0,0,0,0,1.43,0,1.43,1.43,1.43,0.3,0.03,0.3
435,Yunus Musah,MF,USA,19,2002,4,4,343,3.8,0,0,0,0,0,0,0,0,0,0,0,0,0.08,0.02,0.08
436,Jamal Musiala,MF,Germany,19,2003,3,3,258,2.9,0,1,0,0,0,0,0,0,0.35,0.35,0,0.35,0.67,0.3,0.67
437,Joakim Mćhle,DF,Denmark,25,1997,3,3,249,2.8,0,0,0,0,0,0,0,0,0,0,0,0,0.01,0.01,0.01
438,Georges-Kévin N'Koudou,MF,Cameroon,27,1995,2,0,27,0.3,0,0,0,0,0,0,0,0,0,0,0,0,0.13,0,0.13
439,Yuto Nagatomo,DF,Japan,35,1986,4,4,209,2.3,0,0,0,0,0,0,0,0,0,0,0,0,0,0.05,0
440,Sami Al-Najei,MF,Saudi Arabia,25,1997,1,1,45,0.5,0,0,0,0,0,0,0,0,0,0,0,0,0,0,0
441,Keylor Navas,GK,Costa Rica,35,1986,3,3,270,3,0,0,0,0,0,0,0,0,0,0,0,0,0,0,0
442,Iliman Ndiaye,MF,Senegal,22,2000,3,2,135,1.5,0,1,0,0,0,0,0,0,0.67,0.67,0,0.67,0.09,0.14,0.09
443,Victor Nelsson,DF,Denmark,23,1998,1,1,90,1,0,0,0,0,0,0,0,0,0,0,0,0,0,0,0
444,Manuel Neuer,GK,Germany,36,1986,3,3,270,3,0,0,0,0,0,0,0,0,0,0,0,0,0,0,0
445,Rúben Neves,MF,Portugal,25,1997,5,4,268,3,0,0,0,0,0,1,0,0,0,0,0,0,0.03,0.01,0.03
446,Neymar,MF,Brazil,30,1992,3,3,279,3.1,2,0,1,1,1,0,0,0.65,0,0.65,0.32,0.32,0.98,0.29,0.7
447,Moumi Ngamaleu,MF,Cameroon,27,1994,2,1,95,1.1,0,0,0,0,0,0,0,0,0,0,0,0,0,0.15,0
448,Jerome Ngom Mbekeli,MF,Cameroon,23,1998,1,0,5,0.1,0,0,0,0,0,0,0,0,0,0,0,0,0,2.23,0
449,Rasmus Nissen,DF,Denmark,24,1997,3,3,224,2.5,0,0,0,0,0,1,0,0,0,0,0,0,0,0.01,0
450,Nicolas Nkoulou,DF,Cameroon,32,1990,2,2,180,2,0,1,0,0,0,1,0,0,0.5,0.5,0,0.5,0.14,0,0.14
451,Andries Noppert,GK,Netherlands,28,1994,5,5,480,5.3,0,0,0,0,0,0,0,0,0,0,0,0,0,0,0
452,Ahmad Nourollahi,MF,Iran,29,1993,3,3,223,2.5,0,0,0,0,0,0,0,0,0,0,0,0,0.04,0,0.04
453,Olivier Ntcham,MF,Cameroon,26,1996,1,0,25,0.3,0,0,0,0,0,0,0,0,0,0,0,0,0.16,0.09,0.16
454,Matheus Nunes,MF,Portugal,23,1998,2,1,73,0.8,0,0,0,0,0,0,0,0,0,0,0,0,0.03,0.12,0.03
455,Darwin Núńez,FW,Uruguay,22,1999,3,3,240,2.7,0,0,0,0,0,1,0,0,0,0,0,0,0.14,0.09,0.14
456,Christian Nřrgaard,MF,Denmark,28,1994,1,0,6,0.1,0,0,0,0,0,0,0,0,0,0,0,0,0,0,0
457,Guillermo Ochoa,GK,Mexico,36,1985,3,3,270,3,0,0,0,0,0,0,0,0,0,0,0,0,0,0,0
458,Denis Odoi,DF,Ghana,34,1988,1,0,13,0.1,0,0,0,0,0,0,0,0,0,0,0,0,0,0,0
459,Noah Okafor,FW,Switzerland,22,2000,3,0,45,0.5,0,0,0,0,0,0,0,0,0,0,0,0,0.05,0.09,0.05
460,Mathías Olivera,DF,Uruguay,24,1997,3,3,253,2.8,0,0,0,0,0,1,0,0,0,0,0,0,0.03,0.15,0.03
461,Dani Olmo,FW,Spain,24,1998,4,4,367,4.1,1,1,1,0,0,0,0,0.25,0.25,0.49,0.25,0.49,0.34,0.11,0.34
462,Amadou Onana,MF,Belgium,20,2001,2,1,104,1.2,0,0,0,0,0,2,0,0,0,0,0,0,0.4,0,0.4
463,André Onana,GK,Cameroon,26,1996,1,1,80,0.9,0,0,0,0,0,0,0,0,0,0,0,0,0,0,0
464,Gaël Ondoua,MF,Cameroon,26,1995,2,0,47,0.5,0,0,0,0,0,0,0,0,0,0,0,0,0,0,0
465,Loďs Openda,FW,Belgium,22,2000,1,0,13,0.1,0,0,0,0,0,0,0,0,0,0,0,0,0,0,0
467,Jonathan Osorio,MF,Canada,30,1992,3,1,119,1.3,0,0,0,0,0,1,0,0,0,0,0,0,0.05,0,0.05
468,Nicolás Otamendi,DF,Argentina,34,1988,7,7,690,7.7,0,1,0,0,0,2,0,0,0.13,0.13,0,0.13,0,0.02,0
469,Otávio,MF,Portugal,27,1995,3,3,196,2.2,0,0,0,0,0,0,0,0,0,0,0,0,0.05,0.17,0.05
470,Samuel Oum Gouet,MF,Cameroon,24,1997,2,1,100,1.1,0,0,0,0,0,0,0,0,0,0,0,0,0,0,0
471,Azzedine Ounahi,MF,Morocco,22,2000,7,6,568,6.3,0,0,0,0,0,1,0,0,0,0,0,0,0.05,0.08,0.05
472,Bryan Oviedo,DF,Costa Rica,32,1990,3,3,260,2.9,0,0,0,0,0,0,0,0,0,0,0,0,0,0,0
473,Mohammed Al-Owais,GK,Saudi Arabia,30,1991,3,3,270,3,0,0,0,0,0,1,0,0,0,0,0,0,0,0,0
474,Juan Pablo Vargas,DF,Costa Rica,27,1995,1,1,90,1,1,0,1,0,0,0,0,1,0,1,1,1,0.46,0,0.46
475,Exequiel Palacios,MF,Argentina,23,1998,3,0,50,0.6,0,0,0,0,0,0,0,0,0,0,0,0,0.12,0.12,0.12
476,Joăo Palhinha,MF,Portugal,26,1995,3,0,38,0.4,0,0,0,0,0,0,0,0,0,0,0,0,0.06,0.3,0.06
477,Lucas Paquetá,MF,Brazil,24,1997,4,4,314,3.5,1,1,1,0,0,0,0,0.29,0.29,0.57,0.29,0.57,0.24,0.43,0.24
478,Leandro Paredes,MF,Argentina,27,1994,5,2,225,2.5,0,0,0,0,0,2,0,0,0,0,0,0,0.01,0.02,0.01
479,Thomas Partey,MF,Ghana,29,1993,3,3,270,3,0,0,0,0,0,0,0,0,0,0,0,0,0.07,0.02,0.07
481,Benjamin Pavard,DF,France,26,1996,1,1,88,1,0,0,0,0,0,0,0,0,0,0,0,0,0,0,0
483,Pedri,MF,Spain,19,2002,4,4,356,4,0,0,0,0,0,0,0,0,0,0,0,0,0,0.22,0
484,Pedro,FW,Brazil,24,1997,2,0,64,0.7,0,0,0,0,0,0,0,0,0,0,0,0,1.39,0,1.39
485,Facundo Pellistri,MF,Uruguay,20,2001,3,2,181,2,0,0,0,0,0,0,0,0,0,0,0,0,0.08,0.09,0.08
486,Pepe,DF,Portugal,39,1983,4,4,360,4,1,0,1,0,0,0,0,0.25,0,0.25,0.25,0.25,0.11,0,0.11
487,Danilo Pereira,DF,Portugal,30,1991,1,1,90,1,0,0,0,0,0,1,0,0,0,0,0,0,0,0,0
490,Germán Pezzella,DF,Argentina,30,1991,3,0,60,0.7,0,0,0,0,0,1,0,0,0,0,0,0,0.24,0,0.24
491,Kalvin Phillips,MF,England,26,1995,2,0,42,0.5,0,1,0,0,0,0,0,0,2.14,2.14,0,2.14,0,0.17,0
493,Jordan Pickford,GK,England,28,1994,5,5,450,5,0,0,0,0,0,0,0,0,0,0,0,0,0,0,0
494,Orbelín Pineda,MF,Mexico,26,1996,1,1,76,0.8,0,0,0,0,0,0,0,0,0,0,0,0,0.38,0.07,0.38
495,Gonzalo Plata,MF,Ecuador,21,2000,3,3,269,3,0,0,0,0,0,0,0,0,0,0,0,0,0.05,0.06,0.05
496,Jackson Porozo,DF,Ecuador,21,2000,2,1,96,1.1,0,0,0,0,0,0,0,0,0,0,0,0,0.05,0,0.05
497,Morteza Pouraliganji,DF,Iran,30,1992,3,3,270,3,0,0,0,0,0,1,0,0,0,0,0,0,0.03,0.07,0.03
498,Ángelo Preciado,DF,Ecuador,24,1998,3,3,264,2.9,0,1,0,0,0,0,0,0,0.34,0.34,0,0.34,0.02,0.14,0.02
499,Christian Pulisic,MF,USA,23,1998,4,4,315,3.5,1,2,1,0,0,0,0,0.29,0.57,0.86,0.29,0.86,0.3,0.26,0.3
500,Adrien Rabiot,MF,France,27,1995,6,5,483,5.4,1,1,1,0,0,1,0,0.19,0.19,0.37,0.19,0.37,0.2,0.16,0.2
502,Baba Rahman,DF,Ghana,27,1994,3,2,183,2,0,0,0,0,0,0,0,0,0,0,0,0,0,0.15,0
503,Gonçalo Ramos,FW,Portugal,20,2001,4,2,152,1.7,3,1,3,0,0,0,0,1.78,0.59,2.37,1.78,2.37,0.93,0.21,0.93
504,Aaron Ramsey,MF,Wales,31,1990,3,3,266,3,0,0,0,0,0,1,0,0,0,0,0,0,0.01,0.01,0.01
505,Raphinha,FW,Brazil,25,1996,5,4,315,3.5,0,1,0,0,0,0,0,0,0.29,0.29,0,0.29,0.35,0.38,0.35
506,Marcus Rashford,FW,England,24,1997,5,1,140,1.6,3,0,3,0,0,0,0,1.93,0,1.93,1.93,1.93,1.03,0,1.03
507,David Raum,DF,Germany,24,1998,3,3,242,2.7,0,1,0,0,0,0,0,0,0.37,0.37,0,0.37,0,0.22,0
508,Bassam Al-Rawi,DF,Qatar,24,1997,1,1,90,1,0,0,0,0,0,0,0,0,0,0,0,0,0,0.03,0
509,Tim Ream,DF,USA,34,1987,4,4,360,4,0,0,0,0,0,1,0,0,0,0,0,0,0.07,0,0.07
510,Djorkaeff Reasco,FW,Ecuador,23,1999,1,0,27,0.3,0,0,0,0,0,0,0,0,0,0,0,0,0,0,0
482,Strahinja Pavlović,DF,Serbia,21,2001,3,3,235,2.6,1,0,1,0,0,2,0,0.38,0,0.38,0.38,0.38,0.07,0,0.07
501,Nemanja Radonjić,DF,Serbia,26,1996,3,0,60,0.7,0,0,0,0,0,0,0,0,0,0,0,0,0.15,0.05,0.15
492,Krzysztof Piątek,FW,Poland,26,1995,2,0,28,0.3,0,0,0,0,0,0,0,0,0,0,0,0,0.09,0,0.09
511,Gio Reyna,FW,USA,19,2002,2,0,53,0.6,0,0,0,0,0,0,0,0,0,0,0,0,0.1,0.28,0.1
512,Ramin Rezaeian,DF,Iran,32,1990,2,2,180,2,1,0,1,0,0,1,0,0.5,0,0.5,0.5,0.5,0.13,0.14,0.13
513,Everton Ribeiro,MF,Brazil,33,1989,1,0,36,0.4,0,0,0,0,0,0,0,0,0,0,0,0,0,0.21,0
514,Declan Rice,MF,England,23,1999,5,5,417,4.6,0,0,0,0,0,0,0,0,0,0,0,0,0,0.01,0
515,Richarlison,FW,Brazil,25,1997,4,4,323,3.6,3,0,3,0,0,0,0,0.84,0,0.84,0.84,0.84,0.59,0.27,0.59
516,Fabian Rieder,FW,Switzerland,20,2002,2,1,68,0.8,0,0,0,0,0,1,0,0,0,0,0,0,0,0.25,0
517,Ró-Ró,DF,Qatar,31,1990,3,3,262,2.9,0,0,0,0,0,0,0,0,0,0,0,0,0.02,0,0.02
518,Connor Roberts,DF,Wales,26,1995,3,2,200,2.2,0,0,0,0,0,0,0,0,0,0,0,0,0,0.16,0
519,Antonee Robinson,DF,USA,24,1997,4,4,359,4,0,0,0,0,0,0,0,0,0,0,0,0,0,0.07,0
520,Sergio Rochet,GK,Uruguay,29,1993,3,3,270,3,0,0,0,0,0,0,0,0,0,0,0,0,0,0,0
521,Joe Rodon,DF,Wales,24,1997,3,3,270,3,0,0,0,0,0,1,0,0,0,0,0,0,0,0,0
522,Rodri,DF,Spain,25,1996,4,4,390,4.3,0,0,0,0,0,0,0,0,0,0,0,0,0.01,0.04,0.01
523,Charly Rodríguez,MF,Mexico,25,1997,2,0,34,0.4,0,0,0,0,0,0,0,0,0,0,0,0,0,0,0
524,Guido Rodríguez,MF,Argentina,28,1994,1,1,56,0.6,0,0,0,0,0,0,0,0,0,0,0,0,0,0,0
526,Ricardo Rodríguez,DF,Switzerland,29,1992,4,4,359,4,0,0,0,0,0,0,0,0,0,0,0,0,0,0.04,0
527,Rodrygo,MF,Brazil,21,2001,5,1,181,2,0,1,0,0,0,0,0,0,0.5,0.5,0,0.5,0.26,0.25,0.26
528,Mohamed Ali Ben Romdhane,MF,Tunisia,22,1999,1,1,73,0.8,0,0,0,0,0,0,0,0,0,0,0,0,0,0,0
529,Cristian Romero,DF,Argentina,24,1998,7,6,547,6.1,0,0,0,0,0,2,0,0,0,0,0,0,0,0,0
530,Cristiano Ronaldo,FW,Portugal,37,1985,5,3,290,3.2,1,0,0,1,1,0,0,0.31,0,0.31,0,0,0.51,0.04,0.26
531,Marten de Roon,MF,Netherlands,31,1991,5,3,184,2,0,0,0,0,0,0,0,0,0,0,0,0,0,0,0
532,Kye Rowles,DF,Australia,23,1998,4,4,360,4,0,0,0,0,0,0,0,0,0,0,0,0,0,0,0
533,Antonio Rüdiger,DF,Germany,29,1993,3,3,270,3,0,0,0,0,0,0,0,0,0,0,0,0,0.25,0,0.25
534,Bryan Ruiz,MF,Costa Rica,36,1985,1,0,30,0.3,0,0,0,0,0,0,0,0,0,0,0,0,0,0,0
535,Mathew Ryan,GK,Australia,30,1992,4,4,360,4,0,0,0,0,0,0,0,0,0,0,0,0,0,0,0
536,Youssouf Sabaly,DF,Senegal,29,1993,4,4,360,4,0,0,0,0,0,0,0,0,0,0,0,0,0.01,0.16,0.01
537,Abdelhamid Sabiri,MF,Morocco,25,1996,5,2,181,2,0,1,0,0,0,1,0,0,0.5,0.5,0,0.5,0.08,0.53,0.08
538,Romain Saďss,DF,Morocco,32,1990,6,6,466,5.2,1,0,1,0,0,1,0,0.19,0,0.19,0.19,0.19,0.16,0,0.16
539,Bukayo Saka,FW,England,20,2001,4,4,288,3.2,3,0,3,0,0,0,0,0.94,0,0.94,0.94,0.94,0.2,0.2,0.2
540,Hiroki Sakai,DF,Japan,32,1990,2,1,119,1.3,0,0,0,0,0,0,0,0,0,0,0,0,0.54,0.07,0.54
541,Youstin Salas,MF,Costa Rica,25,1996,2,0,47,0.5,0,0,0,0,0,0,0,0,0,0,0,0,0,0,0
542,William Saliba,DF,France,21,2001,1,0,28,0.3,0,0,0,0,0,0,0,0,0,0,0,0,0,0.11,0
543,Mohammed Salisu,DF,Ghana,23,1999,3,3,270,3,1,0,1,0,0,0,0,0.33,0,0.33,0.33,0.33,0.26,0.08,0.26
544,Tarek Salman,DF,Qatar,24,1997,1,0,8,0.1,0,0,0,0,0,0,0,0,0,0,0,0,0,0,0
545,Alex Sandro,DF,Brazil,31,1991,3,2,190,2.1,0,0,0,0,0,0,0,0,0,0,0,0,0.01,0.04,0.01
546,Leroy Sané,MF,Germany,26,1996,2,1,111,1.2,0,1,0,0,0,0,0,0,0.81,0.81,0,0.81,0.09,1.44,0.09
547,Na Sang-ho,FW,Korea Republic,25,1996,2,1,119,1.3,0,0,0,0,0,0,0,0,0,0,0,0,0.03,0.09,0.03
549,Josh Sargent,FW,USA,22,2000,3,2,157,1.7,0,0,0,0,0,0,0,0,0,0,0,0,0.21,0.04,0.21
550,Jeremy Sarmiento,MF,Ecuador,19,2002,3,0,85,0.9,0,0,0,0,0,0,0,0,0,0,0,0,0.07,0.09,0.07
551,Ismaila Sarr,MF,Senegal,24,1998,4,4,344,3.8,1,0,0,1,1,0,0,0.26,0,0.26,0,0,0.43,0.11,0.23
552,Ferjani Sassi,MF,Tunisia,30,1992,2,0,48,0.5,0,0,0,0,0,1,0,0,0,0,0,0,0.04,0,0.04
553,Fabian Schär,DF,Switzerland,30,1991,2,2,135,1.5,0,0,0,0,0,2,0,0,0,0,0,0,0.09,0,0.09
554,Nico Schlotterbeck,DF,Germany,22,1999,2,1,94,1,0,0,0,0,0,0,0,0,0,0,0,0,0,0.07,0
555,Kasper Schmeichel,GK,Denmark,35,1986,3,3,270,3,0,0,0,0,0,0,0,0,0,0,0,0,0,0,0
557,Alidu Seidu,DF,Ghana,22,2000,2,2,155,1.7,0,0,0,0,0,2,0,0,0,0,0,0,0.01,0,0.01
548,Pablo Sarabia,FW,Spain,30,1992,1,0,3,0,0,0,0,0,0,0,0,0,0,0,0,0,0.12,0.11,0.11
558,Antoine Semenyo,FW,Ghana,22,2000,2,0,20,0.2,0,0,0,0,0,0,0,0,0,0,0,0,0.22,0,0.22
559,Kim Seung-gyu,GK,Korea Republic,31,1990,4,4,360,4,0,0,0,0,0,0,0,0,0,0,0,0,0,0,0
560,Paik Seung-ho,MF,Korea Republic,25,1997,1,0,26,0.3,1,0,1,0,0,0,0,3.46,0,3.46,3.46,3.46,0.15,0,0.15
561,Yasser Al-Shahrani,DF,Saudi Arabia,30,1992,1,1,89,1,0,0,0,0,0,0,0,0,0,0,0,0,0,0,0
562,Xherdan Shaqiri,MF,Switzerland,30,1991,3,3,229,2.5,1,1,1,0,0,0,0,0.39,0.39,0.79,0.39,0.79,0.12,0.35,0.12
563,Riyadh Sharahili,MF,Saudi Arabia,29,1993,1,0,54,0.6,0,0,0,0,0,0,0,0,0,0,0,0,0,0.05,0
564,Luke Shaw,DF,England,26,1995,5,5,424,4.7,0,1,0,0,0,0,0,0,0.21,0.21,0,0.21,0.02,0.17,0.02
565,Saad Al Sheeb,GK,Qatar,32,1990,1,1,90,1,0,0,0,0,0,1,0,0,0,0,0,0,0,0,0
566,Saleh Al-Shehri,FW,Saudi Arabia,28,1993,3,3,223,2.5,1,0,1,0,0,1,0,0.4,0,0.4,0.4,0.4,0.03,0.05,0.03
567,André Silva,FW,Portugal,26,1995,1,0,26,0.3,0,0,0,0,0,0,0,0,0,0,0,0,0,0.21,0
568,António Silva,DF,Portugal,18,2003,1,1,90,1,0,0,0,0,0,0,0,0,0,0,0,0,0,0,0
569,Bernardo Silva,MF,Portugal,27,1994,5,4,356,4,0,0,0,0,0,0,0,0,0,0,0,0,0.04,0.09,0.04
570,Thiago Silva,DF,Brazil,37,1984,4,4,390,4.3,0,1,0,0,0,0,0,0,0.23,0.23,0,0.23,0.04,0.23,0.04
571,Unai Simón,GK,Spain,25,1997,4,4,390,4.3,0,0,0,0,0,0,0,0,0,0,0,0,0,0,0
572,Xavi Simons,MF,Netherlands,19,2003,1,0,9,0.1,0,0,0,0,0,0,0,0,0,0,0,0,0,0,0
573,Ellyes Skhiri,MF,Tunisia,27,1995,3,3,270,3,0,0,0,0,0,0,0,0,0,0,0,0,0.02,0.05,0.02
575,Andreas Skov Olsen,MF,Denmark,22,1999,2,2,132,1.5,0,0,0,0,0,0,0,0,0,0,0,0,0.16,0,0.16
576,Robert Skov,DF,Denmark,26,1996,1,0,22,0.2,0,0,0,0,0,1,0,0,0,0,0,0,0,0,0
577,Naďm Sliti,MF,Tunisia,29,1992,2,1,114,1.3,0,0,0,0,0,0,0,0,0,0,0,0,0.11,0.1,0.11
578,Carlos Soler,MF,Spain,25,1997,2,0,92,1,1,0,1,0,0,0,0,0.98,0,0.98,0.98,0.98,0.78,0.26,0.78
579,Yuki Soma,MF,Japan,25,1997,1,1,81,0.9,0,0,0,0,0,0,0,0,0,0,0,0,0.21,0,0.21
580,Yann Sommer,GK,Switzerland,33,1988,3,3,270,3,0,0,0,0,0,0,0,0,0,0,0,0,0,0,0
581,Borna Sosa,DF,Croatia,24,1998,5,5,424,4.7,0,0,0,0,0,0,0,0,0,0,0,0,0.01,0.08,0.01
582,Harry Souttar,DF,Australia,23,1998,4,4,360,4,0,0,0,0,0,0,0,0,0,0,0,0,0.02,0.01,0.02
583,Djibril Sow,MF,Switzerland,25,1997,4,4,264,2.9,0,1,0,0,0,0,0,0,0.34,0.34,0,0.34,0.06,0.06,0.06
585,Renato Steffen,FW,Switzerland,30,1991,1,0,32,0.4,0,0,0,0,0,0,0,0,0,0,0,0,0,0,0
586,Raheem Sterling,FW,England,27,1994,3,2,149,1.7,1,1,1,0,0,0,0,0.6,0.6,1.21,0.6,1.21,0.22,0.09,0.22
587,John Stones,DF,England,28,1994,5,5,434,4.8,0,0,0,0,0,0,0,0,0,0,0,0,0.07,0.01,0.07
588,Luis Suárez,FW,Uruguay,35,1987,3,2,146,1.6,0,1,0,0,0,1,0,0,0.62,0.62,0,0.62,0.26,0.04,0.26
589,Niklas Süle,DF,Germany,26,1995,3,3,269,3,0,0,0,0,0,0,0,0,0,0,0,0,0.04,0,0.04
590,Kamaldeen Sulemana,FW,Ghana,20,2002,2,0,58,0.6,0,0,0,0,0,1,0,0,0,0,0,0,0.09,0,0.09
591,Josip Šutalo,DF,Croatia,22,2000,1,1,90,1,0,0,0,0,0,0,0,0,0,0,0,0,0,0,0
597,Nicolás Tagliafico,DF,Argentina,29,1992,6,3,373,4.1,0,0,0,0,0,0,0,0,0,0,0,0,0.26,0.05,0.26
598,Montassar Talbi,DF,Tunisia,24,1998,3,3,270,3,0,0,0,0,0,0,0,0,0,0,0,0,0,0,0
599,Hassan Al Tambakti,DF,Saudi Arabia,23,1999,2,2,180,2,0,0,0,0,0,1,0,0,0,0,0,0,0,0,0
600,Ao Tanaka,MF,Japan,23,1998,3,2,171,1.9,1,0,1,0,0,0,0,0.53,0,0.53,0.53,0.53,0.55,0.05,0.55
601,Shogo Taniguchi,DF,Japan,30,1991,2,2,210,2.3,0,0,0,0,0,1,0,0,0,0,0,0,0.12,0,0.12
602,Mehdi Taremi,FW,Iran,29,1992,3,3,270,3,2,1,1,1,1,0,0,0.67,0.33,1,0.33,0.67,0.45,0.22,0.18
603,Kenneth Taylor,MF,Netherlands,20,2002,1,0,5,0.1,0,0,0,0,0,0,0,0,0,0,0,0,0,0,0
584,Josip Stanišić,DF,Croatia,22,2000,1,1,90,1,0,0,0,0,0,0,0,0,0,0,0,0,0.02,0,0.02
596,Dušan Tadić,MF,Serbia,33,1988,3,3,257,2.9,0,2,0,0,0,0,0,0,0.7,0.7,0,0.7,0.03,0.25,0.03
604,Aurélien Tchouaméni,MF,France,22,2000,7,7,621,6.9,1,0,1,0,0,1,0,0.14,0,0.14,0.14,0.14,0.05,0.16,0.05
605,Yeltsin Tejeda,MF,Costa Rica,30,1992,3,3,269,3,1,1,1,0,0,0,0,0.33,0.33,0.67,0.33,0.67,0.14,0.02,0.14
606,Alex Telles,DF,Brazil,29,1992,2,1,59,0.7,0,0,0,0,0,0,0,0,0,0,0,0,0,0,0
607,Sorba Thomas,MF,Wales,22,1999,1,0,1,0,0,0,0,0,0,0,0,0,0,0,0,0,0,0,0
608,Marcus Thuram,FW,France,24,1997,5,0,151,1.7,0,2,0,0,0,1,0,0,1.19,1.19,0,1.19,0.16,0.16,0.16
609,Youri Tielemans,MF,Belgium,25,1997,3,1,95,1.1,0,0,0,0,0,0,0,0,0,0,0,0,0,0.07,0
610,Jurriën Timber,DF,Netherlands,20,2001,4,4,390,4.3,0,0,0,0,0,1,0,0,0,0,0,0,0,0,0
611,Karl Toko Ekambi,MF,Cameroon,29,1992,3,2,166,1.8,0,0,0,0,0,0,0,0,0,0,0,0,0.1,0.14,0.1
612,Nouhou Tolo,DF,Cameroon,24,1997,3,3,270,3,0,0,0,0,0,1,0,0,0,0,0,0,0,0,0
613,Takehiro Tomiyasu,DF,Japan,23,1998,3,1,187,2.1,0,0,0,0,0,0,0,0,0,0,0,0,0,0.11,0
614,Mehdi Torabi,MF,Iran,27,1994,3,0,62,0.7,0,0,0,0,0,0,0,0,0,0,0,0,0.18,0.82,0.18
615,Félix Torres Caicedo,DF,Ecuador,25,1997,3,3,270,3,0,1,0,0,0,0,0,0,0.33,0.33,0,0.33,0.04,0.15,0.04
616,Ferrán Torres,FW,Spain,22,2000,4,3,217,2.4,2,0,1,1,1,0,0,0.83,0,0.83,0.41,0.41,0.42,0.07,0.1
617,Gerson Torres,MF,Costa Rica,24,1997,1,1,64,0.7,0,0,0,0,0,0,0,0,0,0,0,0,0.02,0,0.02
618,Pau Torres,DF,Spain,25,1997,1,1,90,1,0,0,0,0,0,0,0,0,0,0,0,0,0,0,0
619,Kieran Trippier,DF,England,31,1990,3,2,206,2.3,0,0,0,0,0,0,0,0,0,0,0,0,0.02,0.07,0.02
620,Leandro Trossard,MF,Belgium,27,1994,3,1,103,1.1,0,0,0,0,0,0,0,0,0,0,0,0,0,0.08,0
621,Matt Turner,GK,USA,27,1994,4,4,360,4,0,0,0,0,0,0,0,0,0,0,0,0,0,0,0
622,Ayase Ueda,FW,Japan,23,1998,1,1,45,0.5,0,0,0,0,0,0,0,0,0,0,0,0,0,0.02,0
623,Hwang Ui-jo,FW,Korea Republic,29,1992,4,1,106,1.2,0,0,0,0,0,0,0,0,0,0,0,0,0.4,0,0.4
624,Dayot Upamecano,DF,France,23,1998,5,5,480,5.3,0,0,0,0,0,0,0,0,0,0,0,0,0.01,0.02,0.01
625,Enner Valencia,FW,Ecuador,32,1989,3,3,255,2.8,3,0,2,1,1,0,0,1.06,0,1.06,0.71,0.71,0.8,0.1,0.52
626,Federico Valverde,MF,Uruguay,23,1998,3,3,270,3,0,0,0,0,0,0,0,0,0,0,0,0,0.06,0.14,0.06
627,Virgil van Dijk,DF,Netherlands,30,1991,5,5,480,5.3,0,0,0,0,0,0,0,0,0,0,0,0,0.04,0.03,0.04
628,Raphaël Varane,DF,France,29,1993,6,6,518,5.8,0,0,0,0,0,0,0,0,0,0,0,0,0.06,0,0.06
629,Guillermo Varela,DF,Uruguay,29,1993,3,2,183,2,0,0,0,0,0,0,0,0,0,0,0,0,0,0.05,0
630,Ruben Vargas,FW,Switzerland,23,1998,4,4,285,3.2,0,1,0,0,0,1,0,0,0.32,0.32,0,0.32,0.11,0.19,0.11
631,Matías Vecino,MF,Uruguay,30,1991,3,2,195,2.2,0,0,0,0,0,0,0,0,0,0,0,0,0.05,0,0.05
632,Alexis Vega,FW,Mexico,24,1997,3,3,193,2.1,0,0,0,0,0,0,0,0,0,0,0,0,0.39,0.06,0.39
634,Johan Venegas,FW,Costa Rica,33,1988,1,1,73,0.8,0,0,0,0,0,0,0,0,0,0,0,0,0,0,0
635,Jordan Veretout,MF,France,29,1993,1,1,62,0.7,0,0,0,0,0,0,0,0,0,0,0,0,0,0,0
636,Jan Vertonghen,DF,Belgium,35,1987,3,3,270,3,0,0,0,0,0,0,0,0,0,0,0,0,0.06,0,0.06
637,Matías Vińa,DF,Uruguay,24,1997,2,0,17,0.2,0,0,0,0,0,0,0,0,0,0,0,0,0,0,0
638,Vitinha,MF,Portugal,22,2000,3,1,120,1.3,0,0,0,0,0,1,0,0,0,0,0,0,0.05,0.03,0.05
639,Steven Vitória,DF,Canada,35,1987,3,3,270,3,0,0,0,0,0,1,0,0,0,0,0,0,0,0,0
642,Mohammed Waad,MF,Qatar,22,1999,2,0,28,0.3,0,0,0,0,0,0,0,0,0,0,0,0,0,0,0
643,Kyle Walker,DF,England,32,1990,3,3,236,2.6,0,0,0,0,0,0,0,0,0,0,0,0,0,0,0
644,Danny Ward,GK,Wales,28,1993,2,1,94,1,0,0,0,0,0,0,0,0,0,0,0,0,0,0,0
645,Kendall Waston,DF,Costa Rica,34,1988,3,2,225,2.5,0,0,0,0,0,0,0,0,0,0,0,0,0.06,0,0.06
646,Timothy Weah,FW,USA,22,2000,4,4,316,3.5,1,0,1,0,0,0,0,0.28,0,0.28,0.28,0.28,0.18,0.12,0.18
647,Wout Weghorst,FW,Netherlands,29,1992,4,0,64,0.7,2,0,2,0,0,1,0,2.81,0,2.81,2.81,2.81,0.52,0.08,0.52
648,Wéverton,GK,Brazil,34,1987,1,0,11,0.1,0,0,0,0,0,0,0,0,0,0,0,0,0,0,0
649,Silvan Widmer,DF,Switzerland,29,1993,3,3,265,2.9,0,1,0,0,0,1,0,0,0.34,0.34,0,0.34,0.01,0.29,0.01
650,Ińaki Williams,FW,Ghana,27,1994,3,3,270,3,0,0,0,0,0,0,0,0,0,0,0,0,0.1,0.07,0.1
633,Miloš Veljković,DF,Serbia,26,1995,3,3,221,2.5,0,0,0,0,0,0,0,0,0,0,0,0,0,0,0
651,Neco Williams,DF,Wales,21,2001,3,3,204,2.3,0,0,0,0,0,0,0,0,0,0,0,0,0.04,0.03,0.04
652,Nico Williams,FW,Spain,19,2002,4,1,146,1.6,0,0,0,0,0,0,0,0,0,0,0,0,0.07,0,0.07
653,Callum Wilson,FW,England,30,1992,2,0,48,0.5,0,1,0,0,0,0,0,0,1.87,1.87,0,1.87,0,1.7,0
654,Harry Wilson,MF,Wales,25,1997,3,2,160,1.8,0,0,0,0,0,0,0,0,0,0,0,0,0.05,0.28,0.05
655,Roan Wilson,MF,Costa Rica,20,2002,1,0,1,0,0,0,0,0,0,0,0,0,0,0,0,0,0,0,0
656,Axel Witsel,MF,Belgium,33,1989,3,3,270,3,0,0,0,0,0,0,0,0,0,0,0,0,0.01,0.02,0.01
657,Jeong Woo-yeong,MF,Korea Republic,22,1999,1,1,45,0.5,0,0,0,0,0,0,0,0,0,0,0,0,0.06,0,0.06
658,Jung Woo-young,MF,Korea Republic,32,1989,4,4,303,3.4,0,0,0,0,0,2,0,0,0,0,0,0,0.01,0.04,0.01
659,Christopher Wooh,DF,Cameroon,20,2001,1,1,90,1,0,0,0,0,0,0,0,0,0,0,0,0,0.04,0,0.04
660,David Wotherspoon,MF,Canada,32,1990,1,0,15,0.2,0,0,0,0,0,0,0,0,0,0,0,0,0,0,0
661,Bailey Wright,DF,Australia,29,1992,1,0,17,0.2,0,0,0,0,0,0,0,0,0,0,0,0,0,0,0
662,Haji Wright,FW,USA,24,1998,4,1,137,1.5,1,0,1,0,0,0,0,0.66,0,0.66,0.66,0.66,0.35,0.02,0.35
663,Granit Xhaka,MF,Switzerland,29,1992,4,4,360,4,0,0,0,0,0,1,0,0,0,0,0,0,0.08,0.02,0.08
664,Miki Yamane,DF,Japan,28,1993,1,1,61,0.7,0,0,0,0,0,1,0,0,0,0,0,0,0,0.11,0
665,Jawad El Yamiq,DF,Morocco,30,1992,6,3,309,3.4,0,0,0,0,0,0,0,0,0,0,0,0,0.03,0,0.03
666,Taha Yassine Khenissi,FW,Tunisia,30,1992,2,0,29,0.3,0,0,0,0,0,1,0,0,0,0,0,0,0.06,0.45,0.06
667,DeAndre Yedlin,DF,USA,28,1993,2,0,33,0.4,0,0,0,0,0,0,0,0,0,0,0,0,0,0,0
668,Maya Yoshida,DF,Japan,33,1988,4,4,390,4.3,0,1,0,0,0,1,0,0,0.23,0.23,0,0.23,0,0.09,0
669,Kim Young-gwon,DF,Korea Republic,32,1990,4,4,350,3.9,1,0,1,0,0,1,0,0.26,0,0.26,0.26,0.26,0.19,0.05,0.19
670,Cho Yumin,FW,Korea Republic,25,1996,1,0,1,0,0,0,0,0,0,0,0,0,0,0,0,0,0,0,0
671,Denis Zakaria,MF,Switzerland,25,1996,2,0,59,0.7,0,0,0,0,0,0,0,0,0,0,0,0,0.07,0,0.07
672,Nicola Zalewski,MF,Poland,20,2002,2,1,65,0.7,0,0,0,0,0,0,0,0,0,0,0,0,0,0,0
673,Andre-Frank Zambo Anguissa,MF,Cameroon,26,1995,3,3,260,2.9,0,1,0,0,0,0,0,0,0.35,0.35,0,0.35,0.02,0,0.02
674,Álvaro Zamora,MF,Costa Rica,20,2002,1,0,30,0.3,0,0,0,0,0,0,0,0,0,0,0,0,0,0,0
675,Anass Zaroury,FW,Morocco,21,2000,1,0,27,0.3,0,0,0,0,0,0,0,0,0,0,0,0,0,0,0
677,Walker Zimmerman,DF,USA,29,1993,4,3,279,3.1,0,0,0,0,0,0,0,0,0,0,0,0,0.02,0,0.02
679,Hakim Ziyech,FW,Morocco,29,1993,7,7,635,7.1,1,1,1,0,0,0,0,0.14,0.14,0.28,0.14,0.28,0.06,0.1,0.06
62,Borna Barišić,DF,Croatia,29,1992,1,1,120,1.3,0,0,0,0,0,1,0,0,0,0,0,0,0.02,0.12,0.02
87,Marcelo Brozović,MF,Croatia,29,1992,6,6,552,6.1,0,0,0,0,0,1,0,0,0,0,0,0,0.09,0.03,0.09
280,Kristijan Jakić,FW,Croatia,25,1997,1,0,1,0,0,0,0,0,0,0,0,0,0,0,0,0,0,0,0
299,Josip Juranović,DF,Croatia,26,1995,6,6,600,6.7,0,1,0,0,0,0,0,0,0.15,0.15,0,0.15,0.01,0.05,0.01
331,Andrej Kramarić,FW,Croatia,30,1991,7,7,474,5.3,2,0,2,0,0,0,0,0.38,0,0.38,0.38,0.38,0.31,0.04,0.31
351,Dominik Livaković,GK,Croatia,27,1995,7,7,690,7.7,0,0,0,0,0,1,0,0,0,0,0,0,0,0,0
412,Luka Modrić,MF,Croatia,36,1985,7,7,653,7.3,0,0,0,0,0,1,0,0,0,0,0,0,0.06,0.11,0.06
466,Mislav Oršić,FW,Croatia,29,1992,6,1,162,1.8,1,2,1,0,0,0,0,0.56,1.11,1.67,0.56,1.67,0.23,0.68,0.23
480,Mario Pašalić,MF,Croatia,27,1995,7,2,271,3,0,0,0,0,0,0,0,0,0,0,0,0,0.1,0.07,0.1
488,Ivan Perišić,DF,Croatia,33,1989,7,7,669,7.4,1,3,1,0,0,0,0,0.13,0.4,0.54,0.13,0.54,0.13,0.12,0.13
489,Bruno Petković,FW,Croatia,27,1994,6,1,234,2.6,1,0,1,0,0,1,0,0.38,0,0.38,0.38,0.38,0.05,0.15,0.05
641,Nikola Vlašić,FW,Croatia,24,1997,6,1,209,2.3,0,0,0,0,0,0,0,0,0,0,0,0,0.25,0,0.25
230,Marko Grujić,MF,Serbia,26,1996,1,0,13,0.1,0,0,0,0,0,0,0,0,0,0,0,0,0.26,0,0.26
270,Ivan Ilić,MF,Serbia,21,2001,1,0,34,0.4,0,0,0,0,0,0,0,0,0,0,0,0,0,0.04,0
367,Nemanja Maksimović,MF,Serbia,27,1995,3,1,122,1.4,0,0,0,0,0,0,0,0,0,0,0,0,0,0.07,0
676,Piotr Zieliński,MF,Poland,28,1994,4,4,328,3.6,1,0,1,0,0,0,0,0.27,0,0.27,0.27,0.27,0.16,0.11,0.16
330,Mateo Kovačić,MF,Croatia,28,1994,7,7,635,7.1,0,0,0,0,0,2,0,0,0,0,0,0,0.05,0.14,0.05
409,Aleksandar Mitrović,FW,Serbia,27,1994,3,3,262,2.9,2,0,2,0,0,1,0,0.69,0,0.69,0.69,0.69,0.57,0.24,0.57
410,Stefan Mitrović,DF,Serbia,32,1990,1,0,35,0.4,0,0,0,0,0,0,0,0,0,0,0,0,0,0,0
411,Filip Mladenović,DF,Serbia,30,1991,1,1,65,0.7,0,0,0,0,0,0,0,0,0,0,0,0,0.03,0,0.03
640,Dušan Vlahović,FW,Serbia,22,2000,2,1,79,0.9,1,0,1,0,0,0,0,1.14,0,1.14,1.14,1.14,0.92,0,0.92
678,Andrija Živković,DF,Serbia,25,1996,3,3,210,2.3,0,2,0,0,0,0,0,0,0.86,0.86,0,0.86,0.03,0.48,0.03
556,Haris Seferović,FW,Switzerland,30,1992,3,0,71,0.8,0,0,0,0,0,0,0,0,0,0,0,0,0.24,0.03,0.24
574,Michał Skóraś,MF,Poland,22,2000,1,0,45,0.5,0,0,0,0,0,0,0,0,0,0,0,0,0.04,0,0.04
592,Karol Świderski,FW,Poland,25,1997,1,1,45,0.5,0,0,0,0,0,0,0,0,0,0,0,0,0,0,0
593,Wojciech Szczęsny,GK,Poland,32,1990,4,4,360,4,0,0,0,0,0,0,0,0,0,0,0,0,0,0,0
594,Damian Szymański,MF,Poland,26,1995,1,0,29,0.3,0,0,0,0,0,0,0,0,0,0,0,0,0,0,0
595,Sebastian Szymański,MF,Poland,23,1999,2,2,134,1.5,0,0,0,0,0,0,0,0,0,0,0,0,0,0,0
238,Ilkay Gündoğan,MF,Germany,31,1990,3,3,189,2.1,1,0,0,1,1,0,0,0.48,0,0.48,0,0,0.54,0.05,0.17
680,Filip Đuričić,MF,Serbia,30,1992,2,0,14,0.2,0,0,0,0,0,0,0,0,0,0,0,0,0,0.23,0
401,Sergej Milinković-Savić,MF,Serbia,27,1995,3,3,233,2.6,1,0,1,0,0,1,0,0.39,0,0.39,0.39,0.39,0.07,0,0.07
402,Vanja Milinković-Savić,GK,Serbia,25,1997,3,3,270,3,0,0,0,0,0,0,0,0,0,0,0,0,0,0,0
525,Kevin Rodríguez,FW,Ecuador,22,2000,2,0,2,0,0,0,0,0,0,0,0,0,0,0,0,0,0.14,0,0.14
